ID,score,opinion,ville
3870,0.5,positive,1
62,0.2794,positive,4
487,0.1827,positive,2
3204,0.3682,positive,2
1265,0.2333,positive,4
53,0.135,positive,4
257,0.425,positive,2
1258,0.5262,positive,3
3499,0.0,neutral,5
2578,-0.0905,negative,1
2508,0.0,neutral,5
1916,0.77,positive,3
2797,0.0,neutral,3
169,0.0663,positive,3
3597,0.3,positive,3
1273,0.525,positive,4
624,0.5,positive,3
3838,0.6,positive,4
778,0.3571,positive,2
2417,0.0,neutral,4
478,0.1778,positive,1
482,0.3333,positive,5
2609,-0.0625,negative,4
1847,-0.0333,negative,1
509,0.1,positive,5
2619,0.0,neutral,3
3777,0.0,neutral,2
2461,0.0,"neutral""",5
2782,0.0,neutral,2
3982,0.0,neutral,4
1297,0.12,positive,5
1057,0.4429,positive,1
3695,-0.8,N+A51egative,3
1213,0.25,positive,4
3815,0.3333,positive,5
2487,,positive,5
3949,0.6,positive,5
1828,0.6,positive,4
3883,0.8,positive,3
2024,0.5,positive,5
3312,-0.2,Negative,3
363,0.0,neutral,4
3531,0.6667,positive,2
3396,0.325,positive,1
1867,-0.7,negative,3
433,0.4473,positive,5
2143,-0.1,negative,4
1623,0.64,positive,5
1662,1.0,positive,3
1392,0.65,positive,5
2312,1.0,positive,4
3372,0.6229,positive,5
1420,0.5,positive,4
3201,0.0,neutral,5
0,0.0,neutral,4
1046,0.1875,positive,5
1864,0.1,positive,2
2575,-0.125,negative,3
3971,0.455,positive,1
1451,0.0,neutral,5
3139,0.2976,positive,1
1372,0.0,neutral,4
1230,0.1583,positive,3
458,0.4629,positive,1
696,0.3964,positive,3
128,0.22,positive,2
2213,0.45,positive,4
1356,0.1095,positive,5
118,-0.0938,negative,3
1841,0.0,neutral,3
1013,0.1621,positive,5
1679,0.4167,positive,1
505,-0.0333,negative,5
1024,0.135,positive,2
419,0.5327,positive,3
254,0.4198,positive,2
379,0.0,neutral,2
520,0.0,neutral,1
2035,0.3,positive,5
1195,0.7,positive,5
2353,0.65,positive,4
2336,0.35,positive,5
353,-0.0375,negative,4
110,0.0958,positive,2
1787,0.48,positive,4
2589,,positive,1
2135,0.6775,positive,3
847,0.5167,positive,2
686,0.1383,positive,3
1869,0.605,positive,4
2734,0.7,positive,3
1959,0.7,positive,2
4066,0.655,positive,1
1932,0.64,positive,1
2059,0.5667,positive,2
2403,0.7233,positive,4
50,0.3229,positive,1
346,0.3667,positive,5
743,0.375,positive,1
161,0.4875,positive,5
562,0.375,positive,5
2580,0.375,positive,3
1435,0.35,positive,4
1718,0.0,neutral,3
15,-0.0797,negative,2
1594,0.8,positive,5
2937,0.0,neutral,1
2332,0.6,positive,2
908,0.5949,positive,2
3997,0.6333,positive,5
1048,0.1833,positive,5
570,-0.405,negative,2
2330,0.4,positive,2
634,-0.1542,negative,5
2155,0.25,positive,1
4085,0.2,positive,3
3449,0.4,positive,1
1680,0.2143,positive,4
1742,0.52,positive,4
2193,0.0,neutral,3
3040,0.6,positive,3
1642,0.5,positive,2
3271,0.5,positive,5
2972,0.2,positive,1
154,0.1508,positive,2
1299,0.4182,positive,3
1293,0.5222,positive,4
1485,0.0222,positive,4
1503,-0.25,negative,2
3381,-0.1122,negative,4
3485,-0.35,negative,4
1583,0.4688,positive,3
2640,0.0,neutral,1
1931,-0.5,negative,1
769,0.0,neutral,1
1430,0.4,positive,3
3120,0.0,neutral,1
532,0.35,positive,3
3634,0.0,neutral,5
857,0.4,positive,2
184,0.4333,positive,5
1758,1.0,positive,3
324,0.12,positive,5
2413,-0.0972,negative,5
665,0.4561,positive,4
322,0.2958,positive,1
892,-0.0667,negative,2
997,0.3667,positive,4
1032,-0.2733,negative,5
399,0.5389,positive,3
931,0.0,neutral,2
1712,0.1958,positive,5
903,-0.0137,negative,4
601,0.0,neutral,4
461,0.2436,positive,5
1601,0.4,positive,1
3075,0.2875,positive,2
1976,0.2143,positive,5
1193,-0.5,negative,2
2513,0.1571,positive,1
2695,0.2786,positive,4
812,0.25,positive,4
742,0.2969,positive,4
1797,0.0,neutral,3
1532,0.3333,positive,2
2547,0.3333,positive,3
1480,0.5,positive,4
1918,0.0375,positive,1
430,0.4958,positive,2
256,-0.1143,negative,1
3283,,neutral,4
2384,0.1975,positive,1
548,0.2944,positive,5
202,0.0,neutral,1
1208,-0.0286,negative,1
1549,0.0,neutral,5
597,0.3931,positive,3
1779,0.7525,positive,1
1676,0.5929,positive,3
2429,0.55,positive,1
3720,0.5583,positive,3
3045,0.4929,positive,3
1935,0.0,neutral,3
2188,-0.7,negative,2
3693,0.0,neutral,5
3750,0.6,positive,2
746,0.1695,positive,3
2175,0.4,positive,1
2635,-0.15,negative,1
1764,0.0,neutral,5
2672,0.4571,positive,2
2558,0.0,neutral,3
255,0.2875,positive,2
1848,0.8,positive,2
1936,-0.25,negative,5
4149,0.0,neutral,5
1074,0.0,neutral,5
452,-0.35,negative,2
1709,0.0,neutral,1
1878,0.6,positive,2
2840,0.6,positive,4
2963,0.78,positive,3
3344,0.6,positive,3
3623,0.6,positive,4
3725,0.6,positive,5
3937,0.6,positive,2
3801,0.4071,positive,3
3363,0.6,positive,1
4034,0.6,positive,1
2471,0.6775,positive,3
2451,0.6,positive,2
4036,0.6,positive,2
3922,0.45,positive,3
2207,0.275,positive,3
2106,0.2,positive,3
3942,0.6,positive,4
779,0.0333,positive,2
2830,0.4625,positive,3
2249,0.5667,positive,5
1833,0.5333,positive,5
2044,0.6,positive,3
959,0.6,positive,3
1729,0.3833,positive,1
1185,0.6,positive,4
1378,0.6,positive,4
1650,0.6,positive,1
2979,0.6,positive,4
3667,0.6,positive,5
3753,0.6,positive,3
4120,0.6,positive,1
3412,0.6,positive,2
2897,0.55,positive,5
4092,0.78,positive,4
893,0.535,positive,1
2780,0.4,positive,3
3090,0.65,positive,3
2773,0.4,positive,3
3799,0.8,positive,2
1438,0.7067,positive,3
2226,0.4079,positive,2
217,0.3791,positive,4
11,0.3092,positive,5
948,0.6,positive,3
3131,0.6,positive,3
2097,0.4071,positive,1
246,0.4889,positive,2
1235,0.65,positive,1
895,0.5333,positive,4
3966,0.4667,positive,4
734,0.4179,positive,2
3338,0.6,positive,1
843,0.5417,positive,1
3115,0.55,positive,2
2507,0.325,positive,2
2711,0.6,positive,4
1008,0.5667,positive,3
3556,0.4333,positive,5
332,0.351,positive,4
3476,0.6,positive,4
3891,0.5167,positive,5
2841,0.55,positive,4
1556,0.5,positive,1
714,0.4306,positive,5
890,0.5036,positive,4
1496,0.3917,positive,5
2759,0.5,positive,1
1625,0.2958,positive,3
3554,0.6,positive,3
963,0.2298,positive,3
2198,0.6,positive,2
3938,0.5667,positive,1
1795,0.0149,positive,4
1527,0.51,positive,5
1333,0.5,positive,1
2203,0.0,neutral,4
2521,1.0,positive,1
763,0.5048,positive,4
3813,0.7,positive,4
3031,0.2729,positive,5
271,0.5806,positive,2
215,0.2633,positive,4
512,-0.05,negative,5
2606,0.0,neutral,2
315,0.2617,positive,4
1061,0.4798,positive,5
1364,0.4583,positive,1
2626,0.0,neutral,5
2151,0.0,neutral,5
2819,0.0,neutral,3
3257,0.5667,positive,2
4122,0.7,positive,1
2993,0.7,positive,3
108,-0.3333,negative,4
2144,0.0,neutral,4
411,0.0178,positive,4
3528,0.0,neutral,1
3190,0.7,positive,3
3018,0.65,positive,3
558,-0.1429,negative,5
1529,0.5,positive,3
1746,0.0,neutral,3
3780,0.0,neutral,2
1039,0.0,neutral,4
1476,-0.1,negative,4
3707,-0.1667,negative,4
2036,-0.2,negative,1
598,-0.0619,negative,2
165,0.3483,positive,3
688,0.1333,positive,5
2390,0.0,neutral,1
3790,-0.05,negative,4
2571,-0.0933,negative,5
1995,0.3333,positive,5
234,0.3238,positive,5
1825,0.7,positive,4
3685,0.0,neutral,2
3245,0.0,neutral,3
2493,-0.15,negative,2
2905,-0.15,negative,2
3987,-0.15,negative,4
4008,-0.15,negative,3
978,-0.2,negative,5
3014,0.275,positive,3
4114,0.3021,positive,5
975,1.0,positive,1
1021,1.0,positive,2
1339,1.0,positive,2
2261,1.0,positive,3
2281,1.0,positive,5
2286,1.0,positive,1
2586,1.0,positive,3
2636,1.0,positive,1
2893,1.0,positive,3
2956,1.0,positive,1
3289,1.0,positive,1
3356,1.0,positive,5
3403,1.0,positive,2
3610,1.0,positive,1
3810,1.0,positive,3
3816,1.0,positive,5
3874,1.0,positive,1
3903,1.0,positive,4
4037,1.0,positive,4
293,0.5809,positive,4
3136,0.4167,positive,3
283,0.1929,positive,3
958,0.5048,positive,5
2883,1.0,positive,1
3833,1.0,positive,5
298,0.65,positive,3
2865,0.4,positive,4
1974,1.0,positive,4
3088,0.4029,positive,1
2989,1.0,positive,2
2056,1.0,positive,4
660,0.85,positive,4
3802,0.5682,positive,3
1520,1.0,positive,1
1334,0.75,positive,3
1714,0.55,positive,4
1637,0.9,positive,1
4140,1.0,positive,5
4156,0.75,positive,2
463,0.955,positive,4
2904,1.0,positive,4
1857,0.5667,positive,1
673,1.0,positive,3
1035,1.0,positive,5
1750,1.0,positive,1
2605,1.0,positive,5
2895,1.0,positive,3
3163,1.0,positive,1
3188,1.0,positive,2
3454,1.0,positive,5
3463,1.0,positive,3
3583,1.0,positive,1
3775,1.0,positive,2
3827,1.0,positive,2
4098,1.0,positive,4
3727,1.0,positive,3
1500,1.0,positive,2
2060,1.0,positive,3
2598,1.0,positive,1
1611,1.0,positive,2
3029,0.75,positive,4
2094,0.5667,positive,3
993,0.6167,positive,1
2329,0.6858,positive,5
3427,1.0,positive,3
3905,0.955,positive,3
2408,0.85,positive,4
922,1.0,positive,5
3078,0.77,positive,2
1082,0.77,positive,4
2911,0.6,positive,3
3622,0.6,positive,5
3376,1.0,positive,3
817,0.8,positive,4
213,0.52,positive,4
968,0.4655,positive,3
1638,1.0,positive,3
910,0.469,positive,2
2720,0.85,positive,4
2746,0.6,positive,5
4104,1.0,positive,5
2200,0.6071,positive,5
2017,0.5,positive,1
2237,0.7,positive,1
2537,0.7,positive,3
2686,0.7333,positive,4
3859,0.7,positive,3
1320,0.2405,positive,3
722,0.26,positive,2
870,0.5875,positive,1
3921,0.0,neutral,5
80,0.404,positive,1
3383,0.0,neutral,2
2909,0.65,positive,3
3618,0.4,positive,2
3464,0.0,neutral,2
1695,0.425,positive,2
3989,0.5544,positive,2
2447,0.6317,positive,5
1489,0.38,positive,4
2697,-0.7,negative,5
4007,-0.7,negative,3
3230,-0.25,negative,1
1734,-0.5667,negative,5
2011,-0.205,negative,5
1890,-0.4033,negative,4
603,0.1786,positive,3
1467,-0.7,negative,3
1925,-0.63,negative,2
4139,-0.7,negative,1
2320,-0.91,negative,5
1096,-0.205,negative,1
3418,-0.455,negative,5
897,-0.5525,negative,4
3886,-0.91,negative,5
2890,-0.91,negative,2
1305,-0.0275,negative,5
2437,-0.39,negative,1
896,-0.3612,negative,4
2837,-0.255,negative,4
1749,-0.1378,negative,5
875,-0.85,negative,3
1597,0.0,neutral,4
3934,0.0,neutral,3
3200,0.0,neutral,1
4112,0.2,positive,2
2284,0.1,positive,1
1793,-0.0682,negative,1
2829,0.0,neutral,5
4046,0.5,positive,3
3471,1.0,positive,5
4061,0.0,neutral,1
3177,0.7,positive,2
2253,0.85,positive,3
3232,0.0,neutral,1
497,0.3833,positive,4
816,0.3889,positive,3
1941,0.0,neutral,5
818,0.3667,positive,3
2159,1.0,positive,3
2448,1.0,positive,2
2569,1.0,positive,2
2814,1.0,positive,3
2971,1.0,positive,3
3119,1.0,positive,1
3124,1.0,positive,1
3205,1.0,positive,2
3253,1.0,positive,4
3606,1.0,positive,5
3754,1.0,positive,5
3941,1.0,positive,2
4022,1.0,positive,5
3172,1.0,positive,1
3729,1.0,positive,2
336,0.3729,positive,3
1491,0.7378,positive,2
1766,1.0,positive,5
1690,1.0,positive,4
1984,1.0,positive,1
1942,0.75,positive,3
2211,1.0,positive,3
2465,0.6071,positive,2
473,0.4307,positive,2
2134,1.0,positive,4
2563,0.77,positive,3
2881,0.6071,positive,5
2381,1.0,positive,2
1502,0.625,positive,4
1328,0.3146,positive,3
2827,1.0,positive,4
550,0.55,positive,1
2372,0.85,positive,3
1999,1.0,positive,1
2183,0.55,positive,5
4062,1.0,positive,4
1089,1.0,positive,2
2428,0.6071,positive,4
4028,0.85,positive,2
99,0.3544,positive,3
2962,1.0,positive,4
1325,0.75,positive,1
2786,1.0,positive,2
2902,1.0,positive,1
967,0.6,positive,3
832,0.7,positive,4
1100,0.7,positive,3
1768,1.0,positive,5
1889,1.0,positive,1
3072,1.0,positive,5
3311,1.0,positive,1
3326,1.0,positive,3
3334,1.0,positive,1
3666,1.0,positive,3
3675,1.0,positive,3
1425,1.0,positive,4
1231,0.6429,positive,3
1612,0.6129,positive,5
2107,0.4301,positive,3
701,0.5548,positive,5
887,0.6111,positive,1
511,0.75,positive,4
2624,0.625,positive,2
3213,1.0,positive,4
2087,1.0,positive,3
1465,1.0,positive,3
3278,0.75,positive,1
979,1.0,positive,2
2128,0.45,positive,1
2618,1.0,positive,1
1298,0.6071,positive,1
2590,0.6071,positive,4
2557,0.6714,positive,1
122,0.5595,positive,2
1730,0.4786,positive,3
2595,0.6071,positive,1
1773,0.3885,positive,2
3932,0.6071,positive,5
3048,0.7,positive,5
2452,0.2,positive,3
833,0.8111,positive,3
2352,0.4222,positive,3
1716,1.0,positive,4
3795,0.7875,positive,3
1548,1.0,positive,4
2813,1.0,positive,2
920,0.9,positive,2
3141,1.0,positive,5
836,0.4033,positive,2
4099,0.0,neutral,3
1785,0.5,positive,5
1157,0.5629,positive,3
2160,0.5,positive,5
2267,0.5,positive,5
1373,0.6333,positive,2
1145,0.45,positive,2
26,0.2524,positive,5
3724,0.5,positive,3
861,0.5867,positive,2
1513,0.5,positive,2
2359,0.1875,positive,2
568,0.5333,positive,1
3044,-0.2917,negative,4
2419,0.91,positive,1
131,0.2929,positive,2
528,-0.3667,negative,2
2399,-0.25,negative,5
2835,0.0,neutral,2
1036,-0.15,negative,4
4013,0.2833,positive,1
629,0.4,positive,1
1283,-0.25,negative,5
4075,0.0,neutral,3
3853,0.0,neutral,3
977,0.0,neutral,1
646,-0.6,negative,3
3342,0.0,neutral,4
2959,-0.4,negative,4
1250,0.7,positive,4
882,-0.0464,negative,2
1826,0.0,neutral,4
3774,0.7,positive,4
3037,0.8,positive,2
2772,0.0,neutral,1
36,0.0936,positive,4
3641,0.0,neutral,2
1944,0.0429,positive,2
488,0.1112,positive,2
595,0.525,positive,2
1981,0.75,positive,4
937,-0.0409,negative,5
655,0.5429,positive,2
2223,0.6083,positive,3
2744,-0.3,negative,3
3392,0.0,neutral,4
3174,0.0,neutral,4
1104,0.0625,positive,3
1249,0.4762,positive,2
166,0.2333,positive,5
394,0.437,positive,2
3161,0.0,neutral,2
1811,0.2143,positive,5
1113,0.0,neutral,5
1775,0.0,neutral,3
145,0.0,neutral,5
408,0.3993,positive,1
189,0.2429,positive,5
77,0.4389,positive,2
155,0.3375,positive,2
1677,0.5,positive,1
205,0.0,neutral,5
127,0.1079,positive,1
406,0.175,positive,4
208,-0.0438,negative,1
1062,0.725,positive,4
354,0.3749,positive,2
2879,-0.0833,negative,2
1521,0.0,neutral,3
47,0.3833,positive,1
2995,0.0,neutral,3
556,0.85,positive,2
100,0.1348,positive,2
327,0.0356,positive,1
141,0.3146,positive,2
4117,0.3,positive,2
3065,0.0,neutral,4
797,0.5139,positive,1
444,0.2995,positive,2
199,0.4107,positive,3
6,0.1821,positive,4
19,-0.1114,negative,5
998,0.3048,positive,4
1142,-0.2,negative,3
919,0.7,positive,4
2967,0.0,neutral,4
492,0.265,positive,4
565,0.7167,positive,2
224,0.0361,positive,1
1340,0.55,positive,3
365,0.2934,positive,3
684,0.1433,positive,2
571,0.15,positive,5
2083,0.0,neutral,1
1573,0.6,positive,2
617,0.4,positive,3
1618,0.5,positive,3
2133,0.1,positive,2
1478,0.0,neutral,2
3848,0.0,neutral,3
1084,0.25,positive,1
1997,0.1,positive,4
3064,0.5,positive,4
2141,0.0,neutral,5
3389,0.0,neutral,2
2818,0.2333,positive,3
668,0.21,positive,3
3479,0.4667,positive,2
2239,0.0,neutral,5
156,0.1,positive,5
574,0.3333,positive,4
2964,0.4667,positive,3
2440,0.74,positive,2
328,-0.2375,negative,3
3557,1.0,positive,5
745,-0.1619,negative,5
3453,0.3333,positive,1
334,0.1571,positive,1
2030,-0.0312,negative,4
819,0.125,positive,1
89,0.1812,positive,4
1663,0.35,positive,3
4132,0.4,positive,5
1088,0.6,positive,2
2047,0.3667,positive,3
899,0.6,positive,1
1780,-0.0409,negative,3
3974,0.5,positive,3
428,0.2,positive,2
883,0.0,neutral,3
448,0.1778,positive,5
112,0.2027,positive,4
1628,-0.0369,negative,3
2947,0.0,neutral,3
3759,0.0,neutral,5
3076,0.0,neutral,4
1374,0.0,neutral,2
3611,0.0,neutral,5
2371,-0.2,negative,1
3927,0.0,neutral,1
2514,-0.065,negative,4
704,0.1,positive,4
1537,0.225,positive,1
3910,0.0,neutral,4
1087,0.0,neutral,3
725,0.0,neutral,5
241,0.094,positive,4
3352,0.35,positive,4
1070,0.2821,positive,1
579,0.3833,positive,3
1135,0.4806,positive,3
1175,0.4117,positive,4
443,-0.0063,negative,1
3425,0.5,positive,5
3022,0.5,positive,3
1622,0.5,positive,4
3983,0.0,neutral,1
1393,0.0,neutral,5
2469,0.0,neutral,1
2583,0.0,neutral,4
1799,0.0,neutral,3
2076,0.3,positive,3
366,0.4167,positive,2
3432,0.7,positive,5
1530,0.0,neutral,2
951,0.0,neutral,3
420,0.33,positive,2
1626,0.2333,positive,4
1528,0.5,positive,4
606,-0.35,negative,3
2296,0.2333,positive,1
2409,0.1917,positive,5
3733,0.0,neutral,3
3817,0.0,neutral,3
3939,0.0,neutral,3
3335,0.0,neutral,3
4016,0.0,neutral,5
66,-0.125,negative,5
3716,0.0,neutral,2
1345,-0.1871,negative,1
313,0.4,positive,4
389,0.1,positive,1
679,0.0,neutral,1
3842,0.1881,positive,2
309,0.23,positive,4
330,0.2019,positive,2
3546,0.1667,positive,3
3019,0.2833,positive,1
4009,0.0,neutral,1
2081,-0.25,negative,1
1805,0.0,neutral,2
1433,0.0,neutral,2
2291,0.35,positive,3
2392,0.5381,positive,5
721,0.0,neutral,2
2483,0.0,neutral,3
2075,0.0,neutral,5
2356,0.1583,positive,5
822,0.275,positive,5
508,0.0667,positive,4
3042,0.65,positive,1
198,-0.0125,negative,2
594,0.4333,positive,3
218,0.1933,positive,3
1148,0.5717,positive,3
1604,0.45,positive,1
835,0.0,neutral,4
504,-0.1667,negative,5
44,0.3381,positive,4
455,-1.0,negative,3
13,-0.0547,negative,1
2293,0.295,positive,5
810,-0.1125,negative,5
196,-0.2,negative,3
3822,0.7,positive,4
1881,0.4375,positive,1
384,0.0625,positive,1
1977,0.0,neutral,4
167,0.1851,positive,4
121,0.0806,positive,2
3539,0.3071,positive,5
410,-0.75,negative,4
2173,0.15,positive,2
575,0.0625,positive,3
2499,0.0,neutral,5
728,0.7,positive,2
543,-0.2875,negative,1
3227,-0.65,negative,3
768,0.0167,positive,2
878,-0.125,negative,3
2414,-0.1125,negative,5
2039,0.0896,positive,4
24,0.0871,positive,3
3615,-0.3,negative,4
3504,0.0,neutral,5
3505,0.0,neutral,5
4038,0.0,neutral,3
3761,0.0,neutral,3
3702,-0.4,negative,1
310,-0.125,negative,5
1429,-0.1667,negative,3
2397,0.0,neutral,3
1576,-0.1,negative,4
3274,0.5,positive,2
1856,0.1667,positive,1
2071,0.1492,positive,3
1098,0.275,positive,4
1201,0.1,positive,5
648,-0.1,negative,2
2560,0.0,neutral,4
1001,0.13,positive,5
280,0.0904,positive,3
3033,0.0,neutral,4
464,0.4333,positive,5
608,0.33,positive,1
2851,0.05,positive,5
364,-0.0333,negative,4
561,0.0,neutral,4
3016,0.0,neutral,3
1816,0.0,neutral,5
2172,0.0,neutral,3
474,0.0,neutral,5
3515,0.0,neutral,4
662,-0.125,negative,1
787,-0.45,negative,2
38,0.2667,positive,3
3462,0.0,neutral,5
52,0.072,positive,3
1165,0.15,positive,3
4043,0.25,positive,3
2885,0.2,positive,2
2663,-0.5,negative,5
856,-0.2,negative,4
1023,-0.25,negative,3
2093,0.0,neutral,3
3514,0.0,neutral,4
1757,0.0,neutral,1
3206,0.0,neutral,2
1819,0.0,neutral,5
3012,0.6,positive,5
719,-0.7,negative,4
1840,-0.2,negative,2
2089,-0.2,negative,5
64,-0.0063,negative,1
43,-0.2091,negative,5
1852,-0.2,negative,5
1184,-0.1,negative,4
1759,-0.1125,negative,5
581,0.32,positive,1
486,0.3867,positive,3
586,0.3208,positive,1
3155,0.1667,positive,1
1648,0.3433,positive,5
253,0.4367,positive,5
1399,0.4828,positive,2
3847,0.3,positive,5
3280,0.4333,positive,3
1384,0.4333,positive,2
2013,0.4333,positive,1
2522,0.5667,positive,4
3248,0.4333,positive,3
3237,0.7,positive,2
1170,-0.0312,negative,4
1106,0.125,positive,2
3540,0.5375,positive,2
160,0.67,positive,3
3153,0.0,neutral,3
1379,1.0,positive,4
516,0.6667,positive,2
767,0.6167,positive,4
267,0.2735,positive,5
29,-0.0242,negative,1
1437,0.7333,positive,4
2197,0.58,positive,2
1248,0.3333,positive,2
2033,0.682,positive,2
1090,0.56,positive,2
1122,0.2825,positive,3
1396,0.275,positive,4
225,0.4096,positive,5
1459,0.6267,positive,5
393,0.0,neutral,2
2430,-0.1,negative,3
2131,0.7,positive,3
519,0.3042,positive,4
1448,0.4695,positive,5
1194,1.0,positive,1
2236,0.7,positive,4
239,0.483,positive,4
1406,0.2202,positive,5
274,0.2644,positive,4
1017,0.3,positive,5
2186,0.0,neutral,4
325,0.3786,positive,5
3301,1.0,positive,5
102,0.4257,positive,5
172,0.2719,positive,5
3226,0.0,neutral,1
589,-0.2,negative,4
106,0.1944,positive,4
3581,0.78,positive,3
1990,0.1905,positive,5
2466,0.6536,positive,4
2690,0.4,positive,2
653,0.5233,positive,1
3263,0.75,positive,1
2639,0.5,positive,1
1400,0.3,positive,3
2052,0.0,neutral,2
732,0.0,neutral,3
1139,0.1,positive,4
3092,0.6,positive,2
630,0.2929,positive,4
1595,0.7,positive,5
3351,0.0,neutral,5
1751,0.4275,positive,5
2444,0.2389,positive,2
538,0.0875,positive,5
1720,0.4437,positive,4
3133,0.5,positive,3
2921,0.25,positive,3
2301,0.6333,positive,4
1058,0.0,neutral,5
1585,-1.0,negative,5
915,0.2062,positive,4
657,-0.1625,negative,3
792,0.525,positive,3
1649,0.6,positive,2
718,0.45,positive,4
1454,0.25,positive,3
1432,0.4167,positive,4
3194,0.3583,positive,4
1708,0.0,neutral,4
3571,0.7,positive,2
3762,0.7,positive,3
2248,0.7,positive,3
436,0.1438,positive,1
1562,0.3778,positive,4
1702,0.1,positive,1
227,0.2771,positive,2
3677,0.6333,positive,1
2416,0.7,positive,3
2552,0.7,positive,2
3220,0.4625,positive,1
1332,0.7,positive,3
1892,0.7,positive,2
1645,0.1844,positive,1
2602,0.8,positive,3
1693,0.9,positive,2
1246,0.2667,positive,5
281,0.3561,positive,3
682,0.3,positive,3
2062,0.0857,positive,1
1630,0.2,positive,2
578,0.5,positive,2
1967,0.4125,positive,2
2484,0.4,positive,2
752,1.0,positive,2
1810,0.2333,positive,2
1934,0.0,neutral,5
3211,0.2083,positive,4
17,0.1684,positive,3
3969,0.0,neutral,2
1426,1.0,positive,5
1466,1.0,positive,5
1509,1.0,positive,3
1674,1.0,positive,2
1722,1.0,positive,1
1987,1.0,positive,5
2020,1.0,positive,5
2174,1.0,positive,5
2365,1.0,positive,5
2382,1.0,positive,5
2573,1.0,positive,1
2698,1.0,positive,3
2826,1.0,positive,1
3007,1.0,positive,4
3047,1.0,positive,3
3063,1.0,positive,1
3149,1.0,positive,3
3288,1.0,positive,4
3307,1.0,positive,1
3421,1.0,positive,1
3537,1.0,positive,2
3580,1.0,positive,3
3700,1.0,positive,1
3743,1.0,positive,3
3945,1.0,positive,2
4047,1.0,positive,4
4069,1.0,positive,3
1824,0.84,positive,2
569,0.6314,positive,5
2910,0.825,positive,3
1577,1.0,positive,5
1286,0.6333,positive,5
371,0.6714,positive,4
139,0.3182,positive,3
1639,0.4048,positive,4
1482,1.0,positive,1
3165,1.0,positive,5
1704,0.6875,positive,4
1468,0.8033,positive,4
2114,0.3857,positive,2
3433,1.0,positive,4
3832,1.0,positive,2
1303,0.675,positive,2
1240,1.0,positive,3
2914,0.3214,positive,1
666,0.4604,positive,3
980,0.625,positive,1
1705,1.0,positive,1
1723,1.0,positive,3
2072,1.0,positive,2
2254,1.0,positive,4
2735,1.0,positive,2
2873,1.0,positive,3
2906,1.0,positive,1
3034,1.0,positive,2
3077,1.0,positive,3
3195,1.0,positive,5
3728,1.0,positive,5
3778,1.0,positive,1
3866,1.0,positive,3
3880,1.0,positive,2
3913,1.0,positive,5
4063,1.0,positive,5
716,0.75,positive,1
1991,1.0,positive,2
2029,0.4833,positive,2
1588,0.5854,positive,3
222,0.3343,positive,2
3404,1.0,positive,2
2310,0.6071,positive,5
483,0.6,positive,5
2790,0.5,positive,4
3931,1.0,positive,3
1359,0.85,positive,3
368,0.401,positive,5
3166,0.3333,positive,5
1483,0.7,positive,1
74,0.44,positive,5
2022,1.0,positive,2
1646,0.4455,positive,4
286,0.2516,positive,3
3091,0.5,positive,3
1044,0.65,positive,5
1701,1.0,positive,3
3784,0.6,positive,5
392,0.5021,positive,5
3564,1.0,positive,2
1154,0.695,positive,2
2228,0.65,positive,2
3909,1.0,positive,3
1079,1.0,positive,2
3500,1.0,positive,3
2364,1.0,positive,2
22,0.164,positive,5
1684,0.6071,positive,1
4128,0.7,positive,2
1542,0.431,positive,1
2795,0.7,positive,4
960,1.0,positive,4
3370,0.6,positive,2
3026,0.5,positive,4
4121,0.695,positive,5
2760,1.0,positive,5
2787,0.7,positive,3
3450,1.0,positive,5
3878,0.3875,positive,2
3877,0.0,neutral,5
377,0.0174,positive,4
27,0.1991,positive,2
1495,0.0,neutral,5
2997,0.0,neutral,3
2146,-0.1,negative,2
884,0.08,positive,5
612,0.0,neutral,1
1129,0.295,positive,1
549,0.2,positive,5
219,0.1167,positive,5
1183,0.0875,positive,3
1216,0.1036,positive,3
3809,0.5,positive,3
251,0.136,positive,2
2754,0.16,positive,3
23,-0.0597,negative,4
1301,0.4029,positive,2
97,0.1458,positive,2
659,0.3438,positive,5
1765,0.0,neutral,3
1266,-0.2396,negative,5
1675,0.3333,positive,2
237,0.2607,positive,4
194,0.0324,positive,4
453,0.3103,positive,2
946,0.3042,positive,4
3146,0.0,neutral,1
1700,-0.5,negative,1
1322,0.25,positive,3
1152,0.6,positive,2
2092,0.0,neutral,4
2544,0.4,positive,4
3948,0.4,positive,1
4136,0.4,positive,4
3268,0.4,positive,5
1726,0.35,positive,4
2886,0.4,positive,2
3892,0.4,positive,2
1970,0.55,positive,1
2670,0.425,positive,5
1689,0.45,positive,5
1117,0.4,positive,2
279,0.2429,positive,1
863,0.2833,positive,5
1091,0.7,positive,3
2659,0.3333,positive,5
3991,0.3333,positive,1
2806,0.1571,positive,5
2485,0.0,neutral,2
1859,0.2,positive,2
3386,0.555,positive,3
2265,0.0,neutral,2
1140,0.4167,positive,4
840,0.5,positive,4
3305,0.5,positive,4
1238,0.0,neutral,1
1473,0.0,neutral,5
755,-0.4333,negative,1
3199,0.5,positive,2
133,0.2114,positive,5
2661,0.0,neutral,1
2855,0.805,positive,3
1174,0.0788,positive,3
4055,0.5,positive,1
2272,0.45,positive,3
2251,0.3571,positive,5
3244,-0.5,negative,2
1724,0.7,positive,5
352,0.5414,positive,5
1477,-0.0714,negative,4
2779,0.39,positive,3
259,-0.0271,negative,3
2662,0.4167,positive,5
1915,0.4167,positive,1
2561,0.4167,positive,2
2479,0.4389,positive,2
427,0.1842,positive,3
1911,0.3333,positive,3
783,0.3529,positive,4
626,0.3625,positive,4
151,0.2026,positive,2
1572,-0.05,negative,3
834,0.3393,positive,4
31,0.275,positive,1
939,0.2002,positive,2
4077,0.05,positive,5
500,0.2639,positive,5
1903,0.1222,positive,4
432,0.372,positive,5
2316,0.1406,positive,2
945,0.3828,positive,5
1522,0.2321,positive,5
2073,0.2321,positive,2
995,0.3949,positive,2
46,0.232,positive,5
86,0.4637,positive,4
837,0.375,positive,5
3603,0.0,neutral,4
454,0.2979,positive,5
1965,0.0,neutral,2
1647,-0.095,negative,1
1687,0.0,neutral,5
1919,0.4875,positive,5
592,0.0,neutral,3
101,-0.08,negative,5
2346,0.2143,positive,3
149,0.4011,positive,3
2494,0.3,positive,3
1484,0.3,positive,1
1161,-0.2333,negative,1
3664,0.5,positive,5
2777,0.0,neutral,4
1398,0.0,neutral,4
3686,0.0,neutral,3
1335,0.0,neutral,3
3484,0.0,neutral,3
1673,-0.4,negative,3
982,0.0571,positive,5
3011,0.0,neutral,2
2565,0.4,positive,5
525,0.375,positive,5
640,0.2947,positive,2
1227,0.75,positive,4
3093,1.0,positive,4
3236,0.5,positive,3
780,0.5,positive,5
45,0.3302,positive,5
1654,0.0,neutral,3
268,0.3556,positive,3
84,0.2708,positive,2
2158,-0.1036,negative,1
73,0.0824,positive,4
3674,-0.3625,negative,2
3100,0.53,positive,1
804,0.5667,positive,1
724,0.3542,positive,5
2243,-0.47,negative,1
1118,0.5333,positive,1
1411,0.7,positive,3
637,0.5592,positive,2
2721,0.4167,positive,4
2949,0.5633,positive,3
2246,0.23,positive,1
76,0.4078,positive,3
3916,0.45,positive,2
784,0.0,neutral,1
1620,0.4,positive,3
400,0.11,positive,3
231,0.2121,positive,3
2916,0.6667,positive,3
723,0.7908,positive,2
531,0.2,positive,4
318,0.2875,positive,2
1127,-0.1,negative,3
1366,0.2143,positive,5
1256,0.1381,positive,1
4078,0.6,positive,3
2032,0.3923,positive,2
806,0.3467,positive,5
563,0.4473,positive,1
3099,0.4333,positive,5
680,0.5,positive,5
1536,0.525,positive,3
1547,0.0,neutral,3
312,0.0667,positive,4
2534,-0.125,negative,4
894,0.3037,positive,4
1269,0.0,neutral,4
2677,0.0,neutral,4
854,0.0,neutral,3
2234,0.25,positive,3
289,0.2841,positive,1
1540,0.7,positive,1
3349,0.0,neutral,2
853,0.91,positive,1
1022,0.7,positive,2
1041,0.7,positive,3
1160,0.7,positive,1
1162,0.91,positive,2
1180,0.91,positive,5
1234,0.7,positive,1
1253,0.7,positive,5
1255,0.7,positive,3
1336,0.7,positive,2
1348,0.7,positive,3
1414,0.7,positive,4
1444,0.7,positive,4
1446,0.7,positive,5
1475,0.7,positive,1
1499,0.7,positive,3
1560,0.7,positive,5
1593,0.7,positive,5
1616,0.7,positive,4
1643,0.7,positive,5
1682,0.7,positive,1
1706,0.7,positive,4
1762,0.91,positive,2
1804,0.91,positive,2
1830,0.7,positive,1
1866,0.7,positive,4
1893,0.91,positive,4
1943,0.7,positive,2
2064,0.7,positive,2
2066,0.7,positive,3
2074,0.7,positive,1
2119,0.7,positive,1
2120,0.91,positive,3
2145,0.91,positive,4
2165,0.7,positive,1
2166,0.91,positive,4
2212,0.7,positive,2
2274,0.7,positive,5
2278,0.7,positive,5
2304,0.7,positive,4
2321,0.91,positive,2
2375,0.7,positive,4
2402,0.7,positive,1
2441,0.7,positive,2
2473,0.7,positive,3
2506,0.91,positive,3
2527,0.7,positive,5
2579,0.7,positive,1
2592,0.7,positive,5
2612,0.7,positive,3
2647,0.91,positive,2
2678,0.7,positive,3
2685,0.7,positive,3
2699,0.7,positive,3
2709,0.7,positive,5
2713,0.7,positive,3
2717,0.7,positive,2
2724,0.7,positive,2
2730,0.7,positive,3
2738,0.7,positive,3
2757,0.7,positive,5
2762,0.7,positive,3
2764,0.7,positive,1
2774,0.7,positive,5
2793,0.7,positive,4
2844,0.7,positive,3
2856,0.91,positive,1
2864,0.7,positive,3
2907,0.7,positive,4
2942,0.7,positive,1
2961,0.7,positive,3
3009,0.7,positive,5
3010,0.7,positive,5
3041,0.7,positive,5
3071,0.7,positive,3
3082,0.7,positive,1
3121,0.7,positive,2
3134,0.7,positive,4
3143,0.7,positive,3
3157,0.7,positive,1
3159,0.7,positive,5
3162,0.7,positive,5
3168,0.7,positive,3
3217,0.91,positive,5
3247,0.7,positive,1
3256,0.91,positive,4
3260,0.91,positive,4
3273,0.7,positive,1
3285,0.7,positive,4
3298,0.7,positive,2
3302,0.7,positive,3
3322,0.7,positive,5
3347,0.7,positive,1
3380,0.7,positive,1
3382,0.7,positive,3
3438,0.91,positive,2
3452,0.7,positive,1
3456,0.7,positive,3
3457,0.7,positive,5
3459,0.7,positive,2
3460,0.91,positive,5
3475,0.7,positive,1
3512,0.7,positive,5
3530,0.7,positive,5
3532,0.7,positive,5
3536,0.7,positive,5
3538,0.91,positive,4
3548,0.7,positive,2
3555,0.7,positive,1
3563,0.7,positive,3
3569,0.7,positive,4
3594,0.7,positive,4
3595,0.7,positive,1
3640,0.7,positive,1
3655,0.7,positive,5
3668,0.7,positive,3
3691,0.7,positive,1
3723,0.7,positive,5
3737,0.7,positive,3
3749,0.7,positive,3
3760,0.7,positive,3
3781,0.7,positive,3
3791,0.7,positive,3
3805,0.7,positive,2
3818,0.7,positive,3
3825,0.7,positive,4
3834,0.7,positive,1
3836,0.91,positive,2
3845,0.7,positive,5
3852,0.91,positive,2
3885,0.7,positive,4
3902,0.7,positive,5
3912,0.91,positive,2
3935,0.7,positive,4
3957,0.7,positive,1
3964,0.7,positive,5
3967,0.7,positive,5
3973,0.7,positive,2
3981,0.7,positive,2
4004,0.7,positive,1
4035,0.7,positive,4
4039,0.7,positive,5
4045,0.7,positive,2
4056,0.7,positive,5
4059,0.7,positive,2
4065,0.7,positive,3
4086,0.7,positive,2
4102,0.7,positive,2
4113,0.7,positive,5
4129,0.7,positive,2
4145,0.7,positive,2
4025,0.7,positive,2
670,0.3556,positive,2
1067,0.705,positive,2
2998,0.91,positive,2
2308,0.7,positive,1
2023,0.955,positive,2
2715,0.6536,positive,4
2667,0.7,positive,1
3906,0.7,positive,3
2217,0.5775,positive,3
3629,0.3746,positive,3
3020,0.7,positive,3
2889,0.4167,positive,3
820,0.3455,positive,2
248,0.35,positive,5
472,0.7,positive,1
2559,-0.025,negative,3
2752,0.43,positive,5
282,0.91,positive,4
2424,0.7,positive,5
2342,0.7,positive,2
3443,0.7,positive,1
2591,0.7,positive,3
3562,0.3121,positive,1
3415,0.35,positive,2
537,0.0736,positive,1
1707,0.7,positive,3
3158,0.6167,positive,4
1081,0.0321,positive,3
148,0.705,positive,3
3387,0.7,positive,1
3466,0.175,positive,4
1377,0.4476,positive,2
1983,0.7,positive,5
1027,0.5239,positive,3
1421,0.5,positive,1
1552,0.4571,positive,4
3114,0.5583,positive,5
3998,0.91,positive,4
1486,0.34,positive,5
3435,0.7,positive,2
1575,0.7367,positive,4
2070,0.3083,positive,4
1260,0.4571,positive,3
3502,0.5621,positive,1
2629,0.32,positive,2
2031,0.91,positive,4
3377,0.7,positive,2
2295,0.35,positive,5
906,0.78,positive,3
147,-0.0222,negative,4
839,0.7,positive,3
2222,0.7,positive,3
1463,0.2562,positive,1
61,0.1724,positive,3
2649,0.805,positive,3
3734,0.7,positive,2
1369,0.7,positive,3
1037,0.55,positive,4
1961,0.35,positive,1
3914,0.35,positive,5
1906,0.6,positive,5
1178,0.595,positive,2
3899,0.5117,positive,5
1812,0.7,positive,3
2176,0.7,positive,3
3170,0.7,positive,1
3824,0.91,positive,1
232,0.15,positive,4
2280,0.7,positive,3
1150,0.425,positive,2
451,0.3306,positive,4
390,0.775,positive,5
2454,0.7,positive,4
1652,0.7,positive,2
1063,0.7,positive,4
1541,0.6,positive,2
4108,0.4667,positive,4
2162,0.4657,positive,5
1570,0.655,positive,4
1587,0.5275,positive,1
1093,0.6667,positive,5
619,0.7,positive,4
3960,0.8244,positive,1
1710,0.7,positive,5
311,0.07,positive,4
269,0.3029,positive,1
2708,0.7,positive,1
1268,0.7,positive,1
3558,0.2875,positive,4
599,0.3277,positive,2
1156,0.7,positive,5
3863,0.7,positive,4
2257,0.7,positive,5
3394,0.7,positive,1
333,0.294,positive,1
2086,0.3525,positive,2
2142,0.7,positive,4
3367,0.7,positive,3
468,0.7,positive,1
3856,0.91,positive,5
3407,0.4,positive,1
530,0.34,positive,2
3025,0.4,positive,5
781,0.11,positive,1
591,0.33,positive,4
4133,0.7,positive,1
1442,0.17,positive,4
842,0.5667,positive,1
2215,0.65,positive,1
3184,0.755,positive,5
1284,0.5748,positive,2
774,0.755,positive,3
1375,0.7,positive,5
1517,0.7,positive,4
1926,0.7,positive,1
1955,0.7,positive,5
3098,0.7,positive,3
3130,0.7,positive,2
3599,0.7,positive,1
4057,0.7,positive,1
2204,0.6,positive,4
228,0.45,positive,5
502,0.7,positive,2
973,0.7,positive,1
2292,0.7,positive,5
1352,0.7,positive,4
2525,0.5621,positive,2
2111,0.55,positive,5
3962,0.3778,positive,5
1668,0.3333,positive,5
2255,0.2121,positive,3
1310,0.7,positive,1
3101,0.7,positive,4
697,0.7333,positive,5
1052,0.19,positive,1
4006,0.7,positive,1
3636,0.6,positive,5
335,0.525,positive,5
1085,0.6,positive,2
4049,0.7,positive,5
921,0.91,positive,2
950,0.7,positive,4
976,0.7,positive,2
1224,0.7,positive,2
1262,0.91,positive,3
1300,0.91,positive,1
1405,0.7,positive,2
1505,0.7,positive,2
1544,0.7,positive,5
1607,0.7,positive,4
1670,0.7,positive,3
1686,0.7,positive,4
1865,0.7,positive,1
1888,0.91,positive,3
2055,0.7,positive,1
2061,0.7,positive,3
2077,0.7,positive,2
2201,0.7,positive,3
2260,0.91,positive,1
2277,0.91,positive,5
2497,0.7,positive,5
2530,0.7,positive,5
2574,0.7,positive,4
2603,0.7,positive,1
2604,0.7,positive,4
2694,0.7,positive,1
2712,0.7,positive,4
2821,0.7,positive,5
2857,0.7,positive,2
2899,0.7,positive,2
2940,0.7,positive,1
2944,0.7,positive,5
2969,0.7,positive,2
3032,0.7,positive,3
3138,0.91,positive,4
3234,0.7,positive,2
3238,0.7,positive,2
3337,0.91,positive,1
3355,0.7,positive,1
3388,0.7,positive,4
3405,0.7,positive,5
3410,0.7,positive,3
3414,0.7,positive,1
3445,0.7,positive,1
3568,0.7,positive,4
3592,0.7,positive,1
3637,0.91,positive,2
3653,0.7,positive,5
3698,0.7,positive,3
3703,0.7,positive,5
3710,0.7,positive,4
3732,0.7,positive,3
3744,0.91,positive,5
3757,0.7,positive,5
3779,0.7,positive,5
3857,0.91,positive,1
3868,0.7,positive,5
3915,0.91,positive,2
3918,0.7,positive,4
3925,0.7,positive,1
3963,0.91,positive,4
3975,0.7,positive,5
4033,0.7,positive,1
4051,0.7,positive,1
4111,0.7,positive,2
1361,0.7,positive,3
938,0.405,positive,2
3565,0.67,positive,2
3395,0.7,positive,1
3768,0.7,positive,2
3985,0.91,positive,1
3035,0.6175,positive,2
295,0.23,positive,1
48,0.4138,positive,1
1257,0.67,positive,4
802,0.42,positive,2
3704,0.45,positive,2
1343,0.4214,positive,2
447,0.155,positive,1
2785,0.35,positive,2
1363,0.4,positive,3
943,0.35,positive,1
1197,0.7,positive,4
485,0.6,positive,1
3643,0.2111,positive,2
3940,0.91,positive,5
934,0.15,positive,5
618,0.3167,positive,1
694,0.2562,positive,1
1493,0.15,positive,2
2376,0.7,positive,1
590,-0.075,negative,3
3140,0.7,positive,1
501,0.3,positive,2
1040,0.7,positive,1
2854,0.2914,positive,5
1627,0.5525,positive,4
3329,0.7,positive,5
1331,0.575,positive,5
2002,0.45,positive,3
593,0.4067,positive,5
824,0.3347,positive,4
362,0.3887,positive,2
3559,0.955,positive,1
2196,0.675,positive,5
1407,0.91,positive,2
2240,0.7,positive,5
2354,0.7,positive,2
3684,0.7,positive,1
3185,0.4075,positive,1
1304,0.6,positive,3
1534,0.5,positive,1
1270,0.7,positive,4
2067,0.475,positive,1
3578,0.6667,positive,1
3793,0.7,positive,1
1843,0.5,positive,4
3187,0.3717,positive,2
3553,0.7,positive,3
1274,0.1625,positive,3
4052,0.6333,positive,2
2775,0.91,positive,2
2170,0.755,positive,1
3446,0.65,positive,1
3291,0.75,positive,3
1776,0.225,positive,2
3608,0.7,positive,5
3839,0.5375,positive,1
2389,0.3667,positive,4
644,0.2381,positive,5
496,0.1466,positive,1
789,0.2643,positive,5
4119,0.91,positive,4
277,0.2542,positive,3
3951,0.4571,positive,2
1922,0.75,positive,4
3413,0.7,positive,3
2082,0.955,positive,1
1232,0.7,positive,5
3513,0.7,positive,5
3252,0.5667,positive,2
1665,0.4571,positive,5
2978,0.655,positive,3
321,0.0875,positive,2
2776,0.7,positive,1
3442,0.7,positive,4
3118,0.2617,positive,3
3947,0.545,positive,5
2297,0.45,positive,1
1533,0.35,positive,1
2749,0.65,positive,5
2577,0.5,positive,5
3073,0.6,positive,2
3873,0.3612,positive,4
1998,0.655,positive,5
2518,0.7,positive,2
380,0.2312,positive,1
596,0.5089,positive,3
3096,0.91,positive,5
3113,0.2333,positive,5
2164,0.5621,positive,3
3083,0.7,positive,2
2122,0.4852,positive,2
1469,0.3444,positive,1
2474,0.7,positive,1
2805,0.7,positive,2
3303,0.7,positive,5
2799,0.6,positive,5
2617,0.4667,positive,4
2750,0.7,positive,2
1545,0.24,positive,2
2322,0.91,positive,4
2421,0.7,positive,1
2710,0.91,positive,3
3952,0.91,positive,4
3417,0.805,positive,3
1837,0.7,positive,1
1894,0.7,positive,2
3254,0.7,positive,2
3103,0.33,positive,1
441,0.425,positive,5
1900,0.7,positive,5
3984,0.655,positive,2
2556,0.7,positive,1
1727,0.85,positive,4
4142,0.7,positive,4
2951,0.7,positive,5
2262,0.3767,positive,3
2546,0.7,positive,3
3276,0.5667,positive,3
2524,0.6,positive,5
1059,0.55,positive,1
2192,0.7,positive,1
2190,0.1048,positive,5
4027,0.4571,positive,5
2415,0.55,positive,1
3423,0.655,positive,4
1885,0.4333,positive,3
3986,0.55,positive,3
1962,0.6,positive,5
2290,0.4467,positive,1
1045,0.4121,positive,2
2511,0.55,positive,5
2623,0.55,positive,5
3896,0.55,positive,2
1026,0.4056,positive,5
3295,0.3533,positive,5
3493,0.5617,positive,4
557,0.2661,positive,2
2675,0.2571,positive,3
1095,0.2565,positive,3
772,0.335,positive,1
1836,0.2549,positive,2
2982,0.212,positive,4
209,-0.0143,negative,5
1902,0.655,positive,2
848,0.55,positive,4
2869,0.55,positive,2
2913,0.67,positive,3
3192,0.4333,positive,3
539,0.4237,positive,4
2981,0.91,positive,4
1131,0.3762,positive,5
1192,0.3275,positive,4
1953,0.3667,positive,3
1445,0.55,positive,2
2025,0.35,positive,3
1072,0.2333,positive,5
2808,0.3612,positive,1
1518,0.7,positive,1
2903,0.4575,positive,3
1387,0.7,positive,3
1417,0.35,positive,5
3261,0.65,positive,4
4088,0.7,positive,2
1685,0.65,positive,1
3027,0.57,positive,1
1524,0.4889,positive,2
1458,0.4,positive,4
3956,0.7,positive,3
2843,0.91,positive,2
3717,0.1229,positive,1
1568,0.7,positive,5
1782,0.74,positive,2
947,0.7,positive,5
4124,0.55,positive,5
3176,0.7,positive,2
2553,0.55,positive,4
3300,0.6,positive,3
4150,0.1628,positive,1
3503,0.0,neutral,2
1875,0.5,positive,1
2985,1.0,positive,3
3697,0.4,positive,3
1408,0.2,positive,4
2847,0.275,positive,1
113,-0.013,negative,1
115,0.1536,positive,4
944,0.5,positive,3
2379,0.2,positive,2
3430,0.0,neutral,2
1550,0.8,positive,5
2520,0.8,positive,4
2566,0.8,positive,3
2825,0.8,positive,2
3067,0.8,positive,5
3437,0.8,positive,1
3486,0.8,positive,5
3730,0.8,positive,2
4141,0.8,positive,2
1862,0.8,positive,3
3196,0.5,positive,1
1980,0.6167,positive,5
2259,0.6817,positive,4
83,0.176,positive,4
422,0.3855,positive,2
3070,0.4095,positive,5
942,0.4056,positive,3
3950,0.35,positive,1
1603,0.1,positive,1
2338,0.4095,positive,1
3275,0.35,positive,5
1559,0.3762,positive,5
1760,0.2625,positive,2
1606,0.55,positive,2
1153,0.25,positive,1
964,0.8,positive,4
2535,0.8,positive,5
2765,0.8,positive,1
3180,0.8,positive,2
3266,0.8,positive,5
3282,0.8,positive,3
3487,0.8,positive,5
3591,0.8,positive,3
3690,0.8,positive,5
3830,0.8,positive,4
3844,0.8,positive,2
3895,0.8,positive,3
1212,0.65,positive,5
2407,0.65,positive,3
1887,0.4333,positive,5
3164,0.65,positive,3
2423,0.4,positive,4
1279,0.625,positive,1
2551,0.7,positive,1
2393,0.37,positive,5
1069,0.8,positive,3
1115,0.8,positive,1
2476,0.65,positive,2
1860,0.8,positive,1
551,0.55,positive,5
1264,0.425,positive,1
2221,0.65,positive,3
2977,0.6,positive,5
3397,0.65,positive,1
409,0.2481,positive,4
955,0.3833,positive,4
620,0.5875,positive,3
2789,0.66,positive,5
775,0.3528,positive,2
3160,0.65,positive,4
1317,0.7,positive,3
2285,0.55,positive,3
1790,0.5,positive,3
2180,0.6,positive,2
3572,0.4,positive,3
1580,0.2167,positive,2
360,0.4917,positive,5
37,0.2755,positive,5
1660,0.6714,positive,2
2046,0.4536,positive,1
1929,0.6667,positive,4
1016,0.53,positive,3
1130,0.2357,positive,3
877,0.124,positive,4
2555,0.4267,positive,5
1252,0.5333,positive,4
2412,0.5111,positive,4
421,0.4815,positive,5
2258,0.8,positive,3
2129,0.9,positive,4
1691,0.3381,positive,2
986,0.5,positive,4
1112,0.5139,positive,2
3191,0.12,positive,1
3954,0.0,neutral,1
2495,0.0,neutral,5
2696,0.0,neutral,5
3541,-0.35,negative,1
4103,0.8,positive,1
1329,0.0,neutral,1
2001,0.0,neutral,5
378,0.0556,positive,2
2464,0.45,positive,3
1876,0.7,positive,5
1946,0.695,positive,2
235,0.5361,positive,3
404,0.52,positive,3
2870,0.4667,positive,2
1614,0.85,positive,3
264,0.1936,positive,2
2538,0.4833,positive,2
3979,0.8,positive,4
1028,0.5786,positive,1
2224,0.6,positive,3
749,0.7,positive,5
1371,0.6071,positive,2
2370,1.0,positive,2
3198,0.5667,positive,3
372,0.5524,positive,3
466,0.5071,positive,3
880,0.508,positive,2
3346,0.0653,positive,5
941,0.55,positive,4
1605,0.5,positive,4
3360,-0.4333,negative,3
236,-0.225,negative,2
3657,0.0,neutral,2
3068,-0.5,negative,5
1018,0.0,neutral,2
470,0.4,positive,3
616,0.1667,positive,5
1800,0.1,positive,1
2859,0.0,neutral,1
4116,0.0,neutral,5
2049,0.3527,positive,3
2220,0.49,positive,3
402,0.1381,positive,2
3535,0.0,neutral,2
2991,0.2071,positive,4
1569,0.35,positive,3
636,0.85,positive,4
1831,-0.0875,negative,2
157,0.1979,positive,2
164,0.025,positive,3
20,0.0,neutral,2
1453,0.0525,positive,4
186,-1.0,negative,3
1703,0.0,neutral,4
1853,0.4333,positive,5
2400,0.0,neutral,1
3426,0.0,neutral,4
182,0.3333,positive,3
3617,0.2,positive,5
1966,-1.0,negative,1
71,0.1833,positive,5
690,0.3278,positive,5
2845,-0.05,negative,3
552,0.0,neutral,4
576,-0.1917,negative,1
949,0.1944,positive,3
712,0.8,positive,1
369,0.3488,positive,5
613,0.0,neutral,1
2529,0.0,neutral,4
1324,0.625,positive,5
3225,0.0,neutral,5
2152,0.1333,positive,5
1631,0.0,neutral,3
1321,0.5333,positive,1
3066,0.5,positive,1
2377,0.0,neutral,4
2878,1.0,positive,5
3317,0.6,positive,5
2794,-0.25,negative,2
2628,0.5,positive,1
1565,0.45,positive,1
2,0.1222,positive,4
700,0.1779,positive,2
905,-0.0248,negative,3
3794,0.36,positive,4
1551,0.4536,positive,1
1849,0.3,positive,3
3287,1.0,positive,5
168,0.2352,positive,4
2121,1.0,positive,2
1770,0.0,neutral,1
3094,0.7,positive,4
2178,0.1667,positive,4
1376,0.49,positive,5
495,0.2,positive,2
303,0.14,positive,3
3061,0.0,neutral,1
2275,0.7367,positive,3
2245,0.5,positive,2
2680,0.0167,positive,2
2095,0.3531,positive,4
1083,0.35,positive,4
996,-0.125,negative,3
2871,0.2278,positive,4
2943,0.15,positive,1
405,-0.1726,negative,5
1950,1.0,positive,1
96,0.0114,positive,1
4135,0.65,positive,1
3000,0.65,positive,2
2718,0.65,positive,3
1004,0.35,positive,1
2045,0.275,positive,5
3345,0.0,neutral,5
751,0.125,positive,2
1189,0.3,positive,4
1880,0.7,positive,2
4115,0.0,neutral,1
3391,0.0,neutral,2
2620,0.28,positive,5
1954,0.0,neutral,5
1308,0.0,neutral,4
3792,0.0,neutral,4
158,0.1229,positive,4
1290,0.0,neutral,1
3264,0.45,positive,1
223,-0.0744,negative,4
711,0.5667,positive,1
3431,-0.2,negative,1
1538,0.0,neutral,3
730,0.3,positive,3
3631,0.75,positive,5
3181,0.7,positive,2
1245,-0.5,negative,3
3293,0.0,neutral,2
4031,0.3,positive,1
129,0.631,positive,4
1589,0.0,neutral,3
3602,0.0,neutral,4
1132,-0.4333,negative,1
3013,0.0,neutral,1
3054,1.0,positive,4
3705,0.78,positive,4
1901,0.3,positive,3
2691,0.7,positive,1
3567,0.5,positive,5
30,0.2562,positive,4
2755,0.0,neutral,5
250,0.375,positive,4
1447,0.0,neutral,2
1656,0.4714,positive,5
1416,-0.0152,negative,1
412,0.291,positive,1
3324,0.0,neutral,5
1873,-0.39,negative,5
417,0.264,positive,3
2807,-0.0387,negative,5
3127,-0.1611,negative,4
1896,-0.0583,negative,5
3588,0.5,positive,5
2733,0.1,positive,1
1803,0.1,positive,2
2532,0.55,positive,1
1434,0.6,positive,2
1617,0.0,neutral,5
1821,0.6,positive,3
1951,0.0,neutral,2
2317,0.0,neutral,1
2852,0.6,positive,5
3055,0.0,neutral,3
3062,0.0,neutral,4
3409,0.0,neutral,5
3420,0.0,neutral,3
3447,0.6,positive,3
3647,0.0,neutral,4
3687,0.0,neutral,1
4011,0.0,neutral,3
4097,0.0,neutral,5
2644,0.6,positive,5
2643,0.4333,positive,4
2324,0.0,neutral,5
12,0.3344,positive,2
197,0.2369,positive,3
1621,0.2389,positive,1
4153,0.3667,positive,3
3006,0.5667,positive,5
3648,0.0,neutral,1
2136,0.6,positive,5
285,0.1375,positive,1
1928,0.2375,positive,3
2554,1.0,positive,2
795,0.8,positive,2
2788,-0.0714,negative,4
3740,0.0,neutral,1
3879,0.5,positive,1
2247,0.225,positive,4
3339,0.5333,positive,4
3321,0.6333,positive,2
3745,0.0,neutral,1
2689,0.9,positive,1
294,0.2107,positive,1
1921,0.0,neutral,4
1754,0.15,positive,4
759,0.2,positive,1
476,0.35,positive,3
2210,0.0,neutral,1
3714,0.0,neutral,3
3785,0.0,neutral,5
1217,0.0,neutral,3
3358,0.4,positive,4
3843,0.26,positive,1
1358,0.61,positive,4
3789,0.4333,positive,5
841,0.32,positive,5
2651,0.1667,positive,1
2541,0.24,positive,1
1191,-0.1625,negative,4
2168,0.1364,positive,3
2968,0.33,positive,1
555,0.45,positive,2
611,0.0333,positive,5
1578,0.0,neutral,3
1801,0.0,neutral,2
2185,0.0,neutral,3
2919,0.0,neutral,2
3246,0.6,positive,2
3455,0.6,positive,5
3665,0.0,neutral,1
3741,0.0,neutral,5
1202,0.5525,positive,1
830,0.3333,positive,2
3319,0.0,neutral,2
828,0.4,positive,2
3961,0.0,neutral,3
3739,0.7,positive,3
3306,0.6,positive,3
2305,0.2,positive,5
459,0.1564,positive,4
3968,0.55,positive,5
3708,0.0,neutral,1
2716,0.35,positive,5
2360,0.39,positive,4
544,0.0357,positive,4
35,0.15,positive,3
3097,0.0,neutral,1
4083,0.4,positive,3
805,0.3333,positive,1
2564,0.4,positive,5
1386,0.3586,positive,2
1938,0.5,positive,1
1886,0.3333,positive,2
1218,0.0,neutral,1
3332,0.0,neutral,1
4093,0.6,positive,2
2932,0.0,neutral,2
2594,0.0,neutral,1
3350,0.8,positive,2
643,0.6071,positive,4
469,0.1694,positive,5
750,0.3438,positive,1
116,0.1725,positive,1
387,0.0042,positive,5
2533,0.2146,positive,5
1205,-0.0714,negative,4
2722,0.1536,positive,1
3323,0.3036,positive,4
888,0.3764,positive,4
886,-0.5014,negative,2
536,1.0,positive,1
2996,0.0,neutral,4
4000,0.0,neutral,2
1735,0.5,positive,4
2214,0.4,positive,4
284,0.3,positive,4
1288,0.3,positive,4
3977,0.2143,positive,2
2148,-0.2438,negative,2
424,0.1299,positive,3
672,0.0,neutral,1
190,-0.095,negative,5
1744,0.2833,positive,3
1772,-0.025,negative,1
567,0.1344,positive,5
2860,0.7167,positive,2
249,0.3186,positive,2
2975,0.1364,positive,4
2725,0.3778,positive,3
2405,0.675,positive,5
287,-0.0556,negative,4
183,0.5233,positive,1
291,0.44,positive,2
3901,0.1,positive,3
3102,0.525,positive,1
1223,0.3929,positive,5
1827,0.5,positive,2
3522,0.0,neutral,3
1823,0.5,positive,2
1596,0.0167,positive,3
1629,0.5,positive,2
57,0.156,positive,3
1272,0.5,positive,1
1917,0.5,positive,4
2054,0.5,positive,5
2206,0.5,positive,5
2216,0.6,positive,4
2576,0.5,positive,5
2898,0.5,positive,2
2950,0.7,positive,3
3385,0.5,positive,1
3645,0.7,positive,2
3826,0.5,positive,3
4127,0.6,positive,5
2289,0.5,positive,3
3585,0.5,positive,5
866,0.6,positive,4
1275,0.4575,positive,4
2798,0.3388,positive,5
2323,0.25,positive,4
1003,0.3429,positive,4
188,0.3648,positive,3
2771,0.85,positive,4
2648,0.35,positive,5
3680,0.5,positive,3
524,0.05,positive,4
1756,0.1333,positive,2
1338,0.7,positive,2
2102,0.5,positive,3
2098,0.5,positive,4
63,0.2448,positive,1
615,0.2911,positive,2
2208,0.5,positive,2
2707,0.5,positive,1
3776,0.7,positive,2
1151,0.75,positive,2
2608,0.85,positive,1
2157,0.5,positive,5
2472,0.5,positive,2
3808,0.6,positive,2
638,0.3833,positive,2
862,0.6,positive,5
1698,0.2375,positive,3
3189,0.6,positive,4
3310,0.5,positive,5
902,0.5048,positive,4
3259,0.5,positive,3
1814,0.6,positive,4
1119,0.3661,positive,4
3806,0.5,positive,4
1199,0.6786,positive,1
1353,0.3125,positive,3
1845,0.4722,positive,5
691,0.4683,positive,2
1143,0.2125,positive,5
796,0.5,positive,1
860,0.2841,positive,2
2194,0.7,positive,2
2492,0.5,positive,5
374,0.5381,positive,2
460,0.3024,positive,1
2727,0.5,positive,3
3327,0.2,positive,3
2684,0.0,neutral,3
3467,0.0,neutral,3
2298,0.2143,positive,3
1554,0.5333,positive,5
4030,0.8,positive,5
777,0.3417,positive,5
1237,-0.625,negative,5
1263,-0.45,negative,2
88,-0.1083,negative,2
1198,0.875,positive,1
467,0.0304,positive,4
3518,0.5,positive,3
3315,0.0,neutral,4
1791,-0.35,negative,3
1228,0.0,neutral,5
4060,-0.5,negative,2
2334,0.0,neutral,1
1204,0.5,positive,1
2682,0.5,positive,3
170,-0.02,negative,5
1874,-0.1393,negative,3
744,0.5,positive,4
2026,0.0,neutral,5
3434,0.2143,positive,4
872,0.3,positive,1
2233,0.3548,positive,1
1138,0.6,positive,5
3049,0.0,neutral,4
1523,0.0,neutral,3
3713,0.3333,positive,5
2169,0.2,positive,2
2010,0.4,positive,5
1244,0.7,positive,2
1713,0.0,neutral,4
221,0.0117,positive,3
2849,0.0,neutral,4
3365,0.0,neutral,5
314,0.425,positive,5
119,0.0,neutral,3
1813,0.5333,positive,4
1789,0.0,neutral,4
3393,0.0,neutral,3
3999,0.0,neutral,1
2470,0.5,positive,3
3481,0.0,neutral,4
2872,-0.2,negative,3
28,0.0333,positive,3
904,-0.1062,negative,5
649,-0.1,negative,5
1619,0.0,neutral,5
2348,0.1,positive,5
3179,0.0,neutral,1
1464,0.75,positive,4
2184,0.5,positive,1
260,0.3312,positive,1
1634,-0.0269,negative,2
3005,0.5,positive,3
1163,-0.17,negative,5
341,0.227,positive,2
2992,0.2071,positive,4
2309,0.75,positive,4
2584,0.1,positive,4
954,0.375,positive,1
1066,0.1333,positive,2
849,-0.0167,negative,5
3992,0.0,neutral,1
911,-0.0958,negative,2
507,0.385,positive,4
3151,0.0,neutral,5
3353,0.0,neutral,5
418,-0.125,negative,4
211,0.2351,positive,1
2468,0.2143,positive,5
3496,0.2143,positive,1
2526,0.4167,positive,5
1243,0.0,neutral,1
2369,0.2143,positive,1
2271,0.4,positive,3
952,0.45,positive,5
117,0.3236,positive,1
2728,0.3333,positive,4
1907,1.0,positive,2
1897,0.0,neutral,2
3904,0.0,neutral,2
4044,0.0,neutral,3
3652,0.0,neutral,4
3858,0.4333,positive,5
1461,0.45,positive,4
2153,0.0,neutral,4
1664,0.0,neutral,3
515,0.0,neutral,2
2515,0.5,positive,3
1179,0.0,neutral,1
1971,-0.125,negative,5
3038,0.5,positive,5
681,0.0,neutral,1
3671,0.38,positive,5
2726,0.0,neutral,1
1080,0.0,neutral,4
2018,0.0,neutral,3
1858,0.362,positive,2
1891,0.0,neutral,5
2333,0.0,neutral,3
3876,-0.5,negative,5
3279,0.0,neutral,3
622,0.1062,positive,5
176,0.1455,positive,4
345,0.3125,positive,3
956,0.0,neutral,5
3477,0.5,positive,2
588,-0.0185,negative,4
178,0.23,positive,2
1512,0.0,neutral,5
2355,0.0,neutral,1
79,-0.1667,negative,4
1832,0.7,positive,2
214,0.2755,positive,1
3175,0.5,positive,3
2108,0.5,positive,5
2676,0.3571,positive,5
3624,0.25,positive,3
2901,0.0,neutral,4
59,0.33,positive,5
3944,-0.91,negative,2
2287,0.35,positive,2
2149,0.2,positive,3
2941,0.6,positive,4
103,0.3349,positive,1
2491,0.0,neutral,5
92,-0.0232,negative,5
3458,0.375,positive,4
3474,0.0,neutral,3
2714,0.1364,positive,5
514,0.4766,positive,1
3831,0.1364,positive,2
2195,0.5788,positive,5
3552,0.0,neutral,2
1051,0.6,positive,1
1060,0.6,positive,3
1385,0.78,positive,5
2006,0.6,positive,4
2181,0.6,positive,4
2238,0.6,positive,5
2300,0.78,positive,2
2306,0.6,positive,4
2438,0.6,positive,1
2536,0.6,positive,1
2585,0.78,positive,3
2770,0.78,positive,3
2792,0.6,positive,2
2884,0.6,positive,5
2920,0.6,positive,3
3003,0.6,positive,2
3017,0.78,positive,1
3036,0.78,positive,4
3053,0.6,positive,2
3060,0.6,positive,3
3085,0.6,positive,5
3122,0.78,positive,3
3144,0.6,positive,5
3270,0.6,positive,3
3368,0.78,positive,4
3424,0.78,positive,2
3440,0.6,positive,1
3483,0.6,positive,4
3584,0.6,positive,1
3586,0.6,positive,4
3607,0.6,positive,4
3613,0.6,positive,4
3660,0.6,positive,5
3676,0.6,positive,4
3718,0.78,positive,4
3788,0.6,positive,3
3807,0.6,positive,2
3812,0.6,positive,3
3851,0.6,positive,3
3865,0.6,positive,4
3884,0.6,positive,1
3900,0.6,positive,4
3970,0.78,positive,1
3980,0.6,positive,5
4005,0.6,positive,4
4023,0.78,positive,4
4041,0.78,positive,1
4050,0.6,positive,1
4054,0.78,positive,3
4094,0.6,positive,5
4101,0.6,positive,5
4123,0.6,positive,1
2960,0.6,positive,2
3696,0.6,positive,5
2888,0.6,positive,5
3316,0.78,positive,4
3441,0.6,positive,1
4126,0.8,positive,1
3399,0.6375,positive,5
3480,0.4971,positive,1
3001,0.6,positive,1
331,0.4875,positive,2
2980,0.3667,positive,4
1456,0.4,positive,5
3688,0.175,positive,1
2411,0.275,positive,4
3804,0.1125,positive,2
3265,0.6,positive,4
2922,0.4133,positive,2
2548,0.6,positive,4
2463,0.1762,positive,4
2434,0.6667,positive,5
2519,0.78,positive,5
3116,0.55,positive,3
3495,0.05,positive,2
4082,0.6,positive,4
1133,0.4333,positive,4
2351,0.6,positive,3
3137,0.6,positive,4
3861,0.78,positive,2
2915,0.6,positive,1
2908,0.3667,positive,2
2357,0.78,positive,2
1658,0.79,positive,1
3829,0.49,positive,5
3994,0.6,positive,5
1068,0.55,positive,5
1159,0.3667,positive,5
3320,0.845,positive,3
889,0.52,positive,2
2116,0.46,positive,4
2268,0.6,positive,2
2816,0.6,positive,1
3379,0.6,positive,2
3841,0.6,positive,2
3958,0.5333,positive,3
867,0.2544,positive,3
1839,0.4124,positive,5
152,0.25,positive,5
1311,0.569,positive,3
1182,0.89,positive,3
2599,0.78,positive,3
2380,0.5,positive,3
2489,0.4625,positive,2
1171,0.6,positive,4
1239,0.6,positive,3
1715,0.6,positive,1
1818,0.6,positive,5
1877,0.6,positive,1
1898,0.6,positive,3
1952,0.6,positive,1
2587,0.6,positive,2
2657,0.6,positive,1
2737,0.6,positive,2
2741,0.6,positive,5
2811,0.6,positive,5
2839,0.78,positive,4
2891,0.6,positive,4
3087,0.6,positive,2
3147,0.6,positive,2
3231,0.6,positive,1
3284,0.6,positive,2
3357,0.6,positive,2
3444,0.6,positive,5
3448,0.6,positive,5
3497,0.78,positive,1
3519,0.6,positive,4
3604,0.78,positive,3
3609,0.6,positive,1
3632,0.6,positive,5
3662,0.6,positive,5
3748,0.6,positive,1
3846,0.6,positive,1
3862,0.78,positive,2
3897,0.6,positive,1
3917,0.6,positive,1
3972,0.6,positive,1
4003,0.6,positive,4
4014,0.6,positive,1
4032,0.78,positive,3
4064,0.78,positive,1
4067,0.6,positive,2
4090,0.6,positive,3
4106,0.6,positive,1
4130,0.6,positive,4
4138,0.78,positive,3
4155,0.6,positive,5
2436,0.6,positive,2
2090,0.4667,positive,5
3348,0.6,positive,1
1728,0.89,positive,1
809,0.4519,positive,3
3887,0.89,positive,4
1515,0.55,positive,3
3233,0.05,positive,5
846,0.596,positive,5
382,-0.0479,negative,1
765,0.5667,positive,1
2177,0.16,positive,3
4109,0.6,positive,3
2139,0.6,positive,5
1220,0.2436,positive,3
2450,0.6,positive,5
1769,0.4057,positive,1
304,0.3964,positive,3
553,0.269,positive,4
1879,0.25,positive,2
3314,0.6,positive,1
1870,0.5033,positive,4
647,0.58,positive,4
4040,0.79,positive,1
1982,0.4,positive,4
1124,0.6,positive,4
3625,0.39,positive,5
2118,0.55,positive,5
1988,0.6,positive,2
3203,0.55,positive,2
2242,0.64,positive,4
518,0.39,positive,4
3529,0.39,positive,2
2341,0.78,positive,5
4070,0.6667,positive,1
1820,0.4967,positive,2
425,0.2518,positive,3
1395,0.0888,positive,3
2427,0.6,positive,1
2042,0.325,positive,4
3996,0.5,positive,1
3679,0.525,positive,1
3333,0.2833,positive,1
2344,0.6667,positive,4
1134,0.3625,positive,5
4146,0.5667,positive,5
2270,0.6967,positive,2
2927,0.585,positive,2
2202,0.45,positive,3
4087,0.49,positive,1
2861,0.78,positive,1
2824,0.45,positive,4
1460,0.55,positive,3
2012,0.06,positive,3
2701,0.6,positive,1
1882,0.5,positive,4
3057,0.8,positive,1
3782,0.6,positive,5
2007,0.6,positive,5
3250,0.6,positive,5
2418,0.78,positive,3
3482,0.6,positive,4
3828,0.65,positive,3
426,0.6324,positive,4
600,0.4333,positive,5
1452,0.6,positive,3
1365,0.45,positive,4
3249,0.65,positive,3
2842,0.6,positive,1
2250,0.6,positive,1
3408,0.78,positive,1
3524,0.6,positive,1
2894,0.6,positive,5
1306,0.64,positive,3
2388,0.4071,positive,1
2703,0.6,positive,1
3596,0.5,positive,3
2802,0.225,positive,1
1908,0.5,positive,3
2043,0.2458,positive,3
3173,0.6,positive,2
319,0.0929,positive,3
3428,0.45,positive,5
990,0.4786,positive,4
3494,0.54,positive,1
3908,0.3067,positive,1
1681,0.78,positive,3
1261,0.2162,positive,2
2358,0.6,positive,1
2482,0.6,positive,4
3959,0.6,positive,2
3521,0.6,positive,4
2732,0.0,neutral,4
2420,0.2,positive,5
803,0.3,positive,2
3926,0.0,neutral,3
1120,0.0,neutral,5
2462,0.1444,positive,1
1347,0.4714,positive,2
1659,0.0,neutral,3
2621,0.0,neutral,3
3889,0.0,neutral,2
1123,0.0,neutral,2
361,0.5,positive,3
737,-0.245,negative,5
2065,0.0,neutral,4
645,0.85,positive,1
533,-0.5,negative,1
610,0.2,positive,3
3630,0.0,neutral,1
3269,0.8,positive,5
3490,0.15,positive,2
2307,0.0,neutral,1
1075,0.05,positive,1
1798,1.0,positive,2
2740,0.8,positive,4
4026,-0.35,negative,5
2068,0.0,neutral,2
3451,-0.2,negative,5
2761,0.0,neutral,4
4134,0.25,positive,1
1844,0.1,positive,2
1241,0.25,positive,3
671,0.3533,positive,2
1011,0.15,positive,3
3659,-0.075,negative,5
2877,0.0,neutral,3
3508,0.0,neutral,1
1745,-0.4,negative,3
2892,-0.4125,negative,4
1487,-0.2,negative,2
3224,0.0,neutral,4
3943,-0.2,negative,5
351,0.4112,positive,3
2339,0.0,neutral,5
1666,0.0883,positive,5
605,0.6,positive,4
3059,0.0,neutral,4
2517,0.0,neutral,3
3235,0.0,neutral,5
3156,-0.25,negative,4
2948,-0.25,negative,3
3074,0.075,positive,3
2986,-0.125,negative,4
698,-0.25,negative,2
3576,-0.25,negative,1
3835,-0.25,negative,4
1278,-0.25,negative,1
1863,0.1778,positive,3
2642,0.0,neutral,2
3735,0.35,positive,5
1872,0.475,positive,4
3501,0.25,positive,2
1624,0.0,neutral,5
3560,0.0,neutral,2
4076,0.85,positive,5
773,-0.455,negative,4
3,0.0,neutral,1
2084,-0.91,negative,4
2924,0.0,neutral,1
1390,0.069,positive,4
4002,-0.2,negative,3
748,0.0124,positive,3
1501,0.0,neutral,3
2817,0.0,neutral,4
1247,0.0,neutral,4
3755,0.2,positive,5
3976,0.0,neutral,3
4021,-0.875,negative,1
1964,0.0,neutral,5
1147,0.0,neutral,4
924,-0.0417,negative,1
1777,-0.0464,negative,3
3589,0.0,neutral,3
114,0.032,positive,4
210,0.225,positive,3
1808,0.0,neutral,3
1427,-0.1,negative,1
2800,-0.1,negative,5
3167,-0.1,negative,5
3574,-0.1,negative,5
720,0.0629,positive,2
1014,-0.1,negative,3
2664,0.2,positive,1
2983,0.0,neutral,1
3208,-0.1,negative,2
625,0.0853,positive,5
3402,0.1,positive,1
2543,-0.1,negative,5
2900,0.4333,positive,5
1380,-0.35,negative,4
2783,-0.35,negative,3
3669,-0.35,negative,3
3681,-0.35,negative,3
3767,-0.35,negative,2
3888,-0.35,negative,5
4089,-0.35,negative,4
4137,-0.35,negative,3
869,0.1875,positive,1
302,0.1451,positive,5
2279,0.2875,positive,3
4020,-0.175,negative,1
1166,0.35,positive,1
3598,-0.2692,negative,1
136,-0.2081,negative,5
3478,-0.275,negative,2
2383,-0.3,negative,2
3056,0.3667,positive,3
2866,-0.4,negative,4
3736,-0.4,negative,5
4071,-0.4,negative,3
2269,-0.4,negative,1
2319,0.0962,positive,1
54,0.0152,positive,1
1280,0.8,positive,4
914,-0.1686,negative,1
85,-0.1821,negative,3
356,-0.2,negative,1
1019,0.0,neutral,3
3468,-0.0889,negative,5
614,0.2583,positive,4
2123,-0.2,negative,3
1403,0.4167,positive,4
2458,0.0,neutral,5
146,0.0,neutral,1
572,-0.1625,negative,4
2758,-0.1,negative,2
2880,-0.1,negative,2
3642,-0.1,negative,2
3210,0.35,positive,1
3929,-0.1,negative,3
1741,0.2,positive,4
2516,0.3,positive,1
2147,0.15,positive,1
3773,-0.1,negative,1
2105,-0.4375,negative,1
962,0.375,positive,4
2117,0.5,positive,5
1099,0.4257,positive,2
3995,0.0,neutral,5
3663,0.4071,positive,4
1600,0.0,neutral,3
1188,0.0,neutral,4
932,0.0,neutral,2
3582,0.15,positive,1
477,0.1,positive,4
2815,-0.25,negative,1
3860,-0.25,negative,3
3222,-0.25,negative,4
3747,-0.25,negative,5
829,-0.0883,negative,2
1923,0.1875,positive,2
3080,0.2143,positive,3
450,0.1845,positive,4
2502,-0.5,negative,2
193,0.3683,positive,3
90,0.0313,positive,2
667,0.0,neutral,5
3770,0.0,neutral,5
923,0.4,positive,3
3277,0.0,neutral,5
2767,0.5,positive,3
766,0.0,neutral,3
3654,0.0,neutral,2
1391,0.0,neutral,5
1993,0.0,neutral,5
3043,0.0,neutral,2
3520,0.0,neutral,1
3523,-0.1375,negative,2
2099,0.2167,positive,4
171,-0.1937,negative,5
416,0.231,positive,3
3786,0.125,positive,1
2345,-0.15,negative,5
4100,0.0,neutral,3
1071,0.0,neutral,1
1382,0.0,neutral,1
2809,0.0,neutral,5
3193,0.0,neutral,1
3769,0.0,neutral,4
4107,0.0,neutral,1
2984,0.0,neutral,1
678,-0.3,negative,1
2679,0.1364,positive,2
1498,0.0,neutral,2
3650,0.0,neutral,5
2100,0.0,neutral,2
2113,0.0,neutral,1
3644,0.0,neutral,4
3673,0.0,neutral,4
707,0.0,neutral,3
2999,0.0,neutral,1
1146,0.0,neutral,2
3511,0.0,neutral,5
702,-0.45,negative,3
1986,0.5,positive,1
3112,0.0,neutral,3
1109,0.4,positive,5
2630,0.0,neutral,5
2363,-0.2,negative,3
3255,0.0,neutral,5
3243,-0.15,negative,4
446,-0.1833,negative,2
1034,-0.1833,negative,4
2596,-0.15,negative,3
3374,-0.15,negative,5
1330,-0.25,negative,3
3152,-0.325,negative,1
2404,-0.1667,negative,4
192,-0.2151,negative,3
3814,0.0,neutral,1
2443,0.0,neutral,2
3579,0.0,neutral,2
3709,0.0,neutral,5
2994,0.7,positive,4
2263,0.5,positive,2
2395,0.4,positive,1
373,0.0891,positive,3
2199,1.0,positive,5
1796,1.0,positive,2
3627,0.0,neutral,3
3699,0.0,neutral,5
4144,0.0,neutral,1
2231,0.0,neutral,4
936,0.5,positive,1
1314,0.5,positive,5
2109,0.5,positive,3
2189,0.5,positive,5
2627,0.5,positive,4
2638,0.5,positive,2
3398,0.5,positive,2
4079,0.5,positive,3
1960,-0.0438,negative,3
3820,0.5,positive,2
4152,0.5,positive,4
423,0.1976,positive,5
3371,0.5,positive,2
756,0.2188,positive,4
764,0.1,positive,5
2935,1.0,positive,2
3128,0.4029,positive,5
2622,1.0,positive,2
2373,0.6333,positive,4
494,0.4167,positive,2
2917,0.4333,positive,1
3492,1.0,positive,2
3228,1.0,positive,4
1285,1.0,positive,1
3919,0.8,positive,5
663,0.5157,positive,1
414,0.5253,positive,2
75,0.0446,positive,5
358,0.2167,positive,3
144,0.2899,positive,1
2264,0.7,positive,2
4,0.3158,positive,5
3186,0.0,neutral,4
206,-0.5,negative,4
1582,-0.0333,negative,3
2171,0.5,positive,2
1111,-0.3333,negative,3
1053,0.0,neutral,1
1355,0.0,neutral,3
602,-0.05,negative,2
1102,0.1667,positive,3
1490,0.3021,positive,1
2868,-1.0,negative,1
125,0.0406,positive,3
517,0.0881,positive,5
2704,0.0,neutral,4
203,0.3271,positive,2
1412,0.0,neutral,1
2990,0.0,neutral,1
1443,0.08,positive,5
1128,0.15,positive,1
1203,0.7,positive,5
1525,-0.2238,negative,5
386,-0.0583,negative,3
42,0.1326,positive,1
3763,0.5,positive,3
3336,0.0,neutral,2
300,0.4,positive,2
91,0.2169,positive,3
65,0.0,neutral,4
898,0.0,neutral,1
1948,0.45,positive,4
3850,0.0,neutral,2
985,0.0,neutral,5
3746,0.6,positive,2
3601,0.0,neutral,1
2179,0.75,positive,2
2918,0.5,positive,4
338,0.2909,positive,1
2276,0.35,positive,5
1015,0.1714,positive,1
1802,0.35,positive,4
340,0.1267,positive,4
2229,0.455,positive,1
1471,0.175,positive,3
577,0.2556,positive,2
2867,0.4667,positive,5
3341,0.35,positive,4
1913,0.4525,positive,3
1592,0.0708,positive,3
263,0.5414,positive,5
2650,0.3667,positive,4
827,0.4,positive,3
554,0.3138,positive,1
1743,0.3333,positive,1
3304,0.3333,positive,1
1868,0.35,positive,2
782,0.4,positive,3
656,0.082,positive,3
1077,0.1708,positive,2
367,0.2182,positive,5
98,0.2274,positive,1
2327,-0.15,negative,4
3436,0.4,positive,2
3125,-0.1,negative,2
705,-0.2167,negative,2
3920,0.7,positive,4
343,0.0,neutral,3
3219,0.0,neutral,3
2244,0.3,positive,3
1125,-0.3712,negative,4
1644,-0.55,negative,2
1969,-0.475,negative,5
940,0.1,positive,2
3039,0.5,positive,3
2810,0.2,positive,3
855,0.55,positive,3
3023,0.0,neutral,2
2110,0.2,positive,5
1737,0.5,positive,1
2674,1.0,positive,4
2874,0.59,positive,1
4110,1.0,positive,4
3142,0.75,positive,2
865,1.0,positive,3
3318,1.0,positive,1
1029,0.7167,positive,3
3953,1.0,positive,4
2225,1.0,positive,3
2731,1.0,positive,5
2311,0.6071,positive,2
1694,1.0,positive,1
3294,1.0,positive,4
2838,0.6071,positive,3
693,0.622,positive,3
2523,1.0,positive,5
1566,-0.35,negative,2
814,0.4167,positive,4
1462,0.4583,positive,2
926,0.3833,positive,1
456,-0.4791,negative,3
1937,0.0,neutral,3
627,0.1333,positive,1
238,0.1848,positive,1
438,0.1842,positive,5
370,-0.01,negative,4
1181,-0.105,negative,5
1516,0.5,positive,4
3638,0.0,neutral,4
1610,0.0,neutral,1
1584,0.4381,positive,3
323,-0.125,negative,4
798,0.2,positive,1
1302,0.6,positive,1
2654,0.0,neutral,5
123,-0.0581,negative,4
699,0.65,positive,1
3216,0.35,positive,4
3670,0.0,neutral,5
2079,0.0,neutral,4
1211,-0.4,negative,5
1470,0.0222,positive,2
329,0.075,positive,5
3803,-0.52,negative,3
191,0.026,positive,5
2490,-0.4,negative,5
1002,-0.2983,negative,1
1806,-0.52,negative,3
175,0.0989,positive,5
3605,0.0,neutral,2
1076,0.0,neutral,2
3656,-0.04,negative,1
3089,-0.4,negative,2
850,-0.071,negative,2
1108,-0.04,negative,4
1678,0.0,neutral,2
3545,0.2,positive,5
1697,0.7,positive,2
415,-0.0063,negative,4
243,0.4593,positive,5
2498,0.0,neutral,4
1167,0.1429,positive,3
413,0.4929,positive,3
1360,0.4411,positive,3
564,0.3571,positive,4
676,0.2604,positive,3
3169,0.45,positive,2
305,0.3921,positive,5
2965,0.0,neutral,2
2387,0.7,positive,4
2008,0.8,positive,4
2091,0.14,positive,1
753,0.4125,positive,4
437,0.1181,positive,4
3764,0.0,neutral,5
708,0.3917,positive,1
1319,0.4,positive,1
290,0.3376,positive,1
1078,-0.2825,negative,1
3422,-0.2,negative,2
4096,-0.05,negative,4
2455,0.575,positive,3
3711,0.0,neutral,2
3331,0.65,positive,3
2613,0.416,positive,5
2337,0.2896,positive,5
3575,0.45,positive,3
2743,0.5,positive,3
547,1.0,positive,2
953,0.575,positive,1
177,0.6,positive,4
3516,0.8,positive,1
3600,1.0,positive,1
3507,1.0,positive,2
3106,0.5111,positive,1
3330,0.0667,positive,5
397,-0.1975,negative,4
687,0.6041,positive,5
480,-0.2006,negative,4
623,-0.1,negative,3
733,0.525,positive,2
3658,-0.1,negative,1
994,0.2667,positive,1
1927,0.3917,positive,3
4001,0.3583,positive,5
1581,0.7,positive,3
3620,-0.75,negative,4
2974,0.91,positive,3
2150,0.6,positive,5
2478,0.5,positive,2
3561,0.225,positive,2
566,0.2,positive,3
1683,0.35,positive,4
3343,0.7,positive,5
2633,0.7,positive,3
33,0.6,positive,3
396,0.2472,positive,5
1402,0.4,positive,4
49,0.125,positive,3
521,0.6,positive,5
2641,0.2417,positive,1
498,0.2891,positive,5
2882,0.275,positive,3
3731,0.7,positive,4
252,0.3024,positive,3
261,0.2183,positive,3
4072,0.225,positive,3
2834,0.375,positive,1
434,0.4962,positive,5
2952,0.35,positive,3
2218,0.6417,positive,2
1141,0.2333,positive,1
1535,0.1056,positive,3
120,0.1833,positive,3
1267,0.8033,positive,1
1006,0.75,positive,2
1116,-0.25,negative,4
240,0.4056,positive,5
2396,0.8,positive,3
1169,0.38,positive,3
229,0.4083,positive,1
14,0.225,positive,3
726,0.5,positive,2
1010,0.43,positive,4
559,-0.1938,negative,3
983,0.2,positive,3
355,0.3,positive,4
633,0.0458,positive,1
2706,0.55,positive,4
1136,0.5591,positive,4
2410,0.6,positive,2
1357,0.25,positive,3
1763,0.2,positive,2
928,0.0,neutral,2
1439,-0.35,negative,3
935,-0.0417,negative,1
3498,0.0,neutral,1
989,0.1598,positive,5
2931,0.0,neutral,4
1909,0.5,positive,2
3361,0.0,neutral,4
706,-0.175,negative,2
2125,0.5,positive,4
1531,0.6667,positive,1
401,0.1013,positive,3
1271,0.0,neutral,5
825,0.15,positive,1
3004,0.35,positive,5
713,0.0875,positive,1
150,0.365,positive,4
3469,0.855,positive,5
813,0.3,positive,5
731,0.25,positive,3
60,0.2663,positive,5
1579,0.5,positive,3
1526,0.3333,positive,4
1351,0.6083,positive,1
2053,0.0,neutral,3
1388,0.7,positive,5
1316,-0.05,negative,1
1318,0.0682,positive,5
560,-0.0057,negative,1
1020,0.0,neutral,1
292,0.5032,positive,2
2124,0.1,positive,3
4017,0.3167,positive,4
3639,1.0,positive,2
3150,-0.5,negative,5
40,0.2207,positive,2
1783,0.495,positive,1
2705,0.1,positive,1
788,0.6,positive,2
845,0.4583,positive,5
3924,0.28,positive,4
1349,0.3333,positive,1
1457,0.755,positive,1
2004,0.91,positive,2
56,0.2864,positive,4
204,0.695,positive,5
2510,0.25,positive,1
1539,0.8,positive,4
3771,0.0,neutral,4
510,-0.3333,negative,4
1038,-0.39,negative,1
138,0.1584,positive,4
2567,0.4,positive,1
1497,0.3667,positive,2
1,0.1691,positive,4
885,0.45,positive,5
1809,0.8,positive,2
2167,0.62,positive,5
462,0.3642,positive,3
342,0.4071,positive,1
130,0.0583,positive,3
442,0.4443,positive,3
1110,-0.25,negative,4
573,0.0167,positive,4
674,-0.494,negative,2
105,0.175,positive,3
16,0.2191,positive,3
1633,-0.138,negative,4
1635,0.35,positive,3
966,0.0,neutral,5
3171,0.0,neutral,2
3470,0.0,neutral,4
1047,0.5698,positive,3
1672,0.7,positive,2
3182,0.4175,positive,4
727,0.3339,positive,3
212,-0.1204,negative,1
2027,0.3333,positive,1
3081,0.3333,positive,5
2768,0.5167,positive,5
2660,0.3833,positive,1
1613,1.0,positive,5
262,0.1679,positive,4
1025,0.0,neutral,2
135,0.3351,positive,1
3783,0.7,positive,4
2631,0.8,positive,1
3439,0.6,positive,4
2406,0.05,positive,5
3178,0.5867,positive,3
2182,0.625,positive,5
2828,1.0,positive,2
3506,0.4333,positive,4
981,-0.35,negative,3
3898,0.2,positive,5
2933,0.4,positive,4
449,0.2274,positive,2
1949,0.5,positive,4
3593,0.7,positive,5
1979,0.7,positive,1
1282,0.4767,positive,3
1368,0.6,positive,2
2349,0.2693,positive,5
760,0.48,positive,1
3105,0.7,positive,4
879,0.5027,positive,5
1276,0.7,positive,1
270,0.2667,positive,5
972,0.35,positive,1
2655,0.5375,positive,3
258,0.475,positive,1
2593,0.7,positive,5
3104,0.4437,positive,5
1609,0.44,positive,4
2668,0.44,positive,2
3587,0.7,positive,5
2928,0.6,positive,1
2328,0.8,positive,5
2433,0.595,positive,2
2048,0.7292,positive,3
2501,0.4443,positive,1
3197,0.4,positive,2
2460,0.4,positive,5
791,0.6,positive,2
1190,0.5247,positive,2
4084,0.46,positive,4
226,0.3405,positive,5
2425,0.7,positive,3
1436,0.54,positive,1
2610,0.7667,positive,2
2038,0.3682,positive,1
3416,0.6,positive,2
2876,0.6,positive,5
2426,0.4,positive,4
1236,0.4071,positive,4
1924,0.7,positive,5
2945,0.56,positive,4
1815,0.6,positive,2
1419,0.3133,positive,2
2398,0.2,positive,3
2988,0.25,positive,3
527,0.4029,positive,2
350,0.3286,positive,4
2736,0.0,neutral,2
93,0.0024,positive,2
692,-0.3033,negative,3
306,-0.1,negative,1
2804,0.0,neutral,4
858,-0.39,negative,1
465,-0.125,negative,5
3619,-0.1,negative,4
1474,0.3,positive,4
1761,0.3729,positive,1
1144,0.5148,positive,1
1065,-0.575,negative,3
1494,0.1,positive,2
2693,0.0,neutral,3
3002,0.0174,positive,5
95,0.3476,positive,3
1401,0.7,positive,3
677,0.025,positive,5
1899,-0.1458,negative,3
999,0.0,neutral,5
1696,0.0,neutral,3
3489,0.0,neutral,1
661,0.2571,positive,1
3758,-0.2,negative,4
1296,-0.125,negative,2
429,-0.0833,negative,4
1807,0.4667,positive,3
585,0.1167,positive,5
3893,0.0,neutral,4
1850,0.0,neutral,5
1012,0.0,neutral,1
3209,0.425,positive,4
2505,-0.2,negative,4
2422,-0.2,negative,3
580,-0.3,negative,5
25,0.0604,positive,2
1323,0.2,positive,4
278,0.35,positive,4
395,0.58,positive,5
72,0.2107,positive,4
3881,0.0,neutral,5
3046,-0.2,negative,3
1854,-0.75,negative,4
3526,0.7,positive,2
2273,0.0,neutral,1
1176,0.0,neutral,4
3095,0.5,positive,3
3765,0.5,positive,3
1557,0.5048,positive,3
347,0.6,positive,5
912,0.0,neutral,4
965,-0.1556,negative,4
2539,0.3333,positive,1
439,0.016,positive,2
1389,-0.4,negative,1
1381,0.6667,positive,3
296,0.2365,positive,2
2209,0.1667,positive,2
479,0.0,neutral,1
58,-0.0323,negative,5
3867,0.0,neutral,5
1994,0.675,positive,4
808,0.2177,positive,3
1599,0.0,neutral,1
631,0.2667,positive,1
3570,0.0,neutral,4
2299,0.6,positive,3
2912,-0.1,negative,3
2205,0.3938,positive,4
683,0.0,neutral,5
2130,-0.24,negative,1
220,0.2536,positive,1
1172,0.55,positive,1
546,0.56,positive,1
709,-0.0833,negative,1
491,0.2094,positive,2
918,-0.5,negative,1
2987,0.5444,positive,4
195,-0.0877,negative,3
522,0.1281,positive,4
541,-0.165,negative,3
78,-0.225,negative,3
3890,0.5,positive,4
185,0.4333,positive,4
1344,0.0,neutral,5
2340,0.3708,positive,1
3111,0.6,positive,1
3855,1.0,positive,1
2127,0.85,positive,1
2611,0.5,positive,2
2314,0.85,positive,3
1479,0.08,positive,2
1092,0.0,neutral,2
1989,0.3,positive,5
2019,0.5,positive,5
1409,1.0,positive,5
3566,1.0,positive,2
1073,0.619,positive,1
3050,0.4333,positive,2
2386,0.0,neutral,3
242,-0.0133,negative,2
984,0.0,neutral,2
349,-0.1,negative,4
3218,0.0,neutral,3
1064,-0.5,negative,4
3965,0.6,positive,3
1651,0.275,positive,2
457,0.3583,positive,1
39,0.1,positive,3
1653,-0.175,negative,4
1507,0.5,positive,2
1394,0.5143,positive,1
1294,-0.605,negative,1
2057,0.2933,positive,3
2616,0.31,positive,4
1342,-0.25,negative,4
3079,0.07,positive,1
1851,0.2143,positive,4
2000,0.0071,positive,3
695,0.2071,positive,2
1101,0.2143,positive,5
1219,0.2143,positive,1
754,0.3529,positive,5
2459,0.306,positive,4
2930,-0.5,negative,1
1602,-0.4,negative,4
107,-0.175,negative,1
545,0.3381,positive,2
1555,0.55,positive,2
1054,0.5,positive,5
359,0.0938,positive,3
844,0.3,positive,1
757,-0.2,negative,5
607,0.25,positive,3
2156,0.16,positive,5
2637,-0.225,negative,4
3661,0.0,neutral,4
381,0.45,positive,4
3242,0.2042,positive,5
3299,-0.5,negative,1
4095,0.7,positive,5
68,0.3871,positive,1
3923,0.3452,positive,2
187,-0.1478,negative,5
3797,0.5,positive,2
2080,0.0,neutral,5
1883,-0.2,negative,2
2096,0.7,positive,3
3129,0.0,neutral,4
1450,-0.375,negative,1
3267,-0.0833,negative,4
4048,0.4,positive,1
3544,0.4,positive,4
2496,0.4,positive,2
3308,0.45,positive,1
587,0.45,positive,3
1667,0.2406,positive,2
104,0.3286,positive,1
3821,0.655,positive,4
2361,0.55,positive,2
1000,0.3667,positive,3
3069,0.41,positive,2
2051,0.3091,positive,5
3024,0.442,positive,1
929,0.5036,positive,5
3286,0.2333,positive,4
3819,0.25,positive,5
2953,0.4,positive,5
1996,0.0,neutral,4
1107,0.73,positive,4
3473,0.2667,positive,3
2745,0.3,positive,3
2446,0.1833,positive,1
3854,0.4333,positive,1
2137,0.025,positive,4
388,0.3818,positive,2
2503,0.4,positive,3
3126,0.4,positive,1
3614,0.3,positive,5
1514,0.5,positive,1
1655,0.5,positive,5
1561,0.5667,positive,2
3221,0.4583,positive,1
403,0.2643,positive,2
2929,0.3556,positive,3
3212,0.7,positive,5
1341,0.275,positive,4
3875,0.6333,positive,4
2191,0.6056,positive,1
2766,0.3714,positive,4
3028,-0.255,negative,2
1281,0.0633,positive,2
1327,0.465,positive,1
1164,0.572,positive,1
1186,0.4125,positive,5
276,-0.075,negative,3
2132,0.3375,positive,3
1383,0.6417,positive,2
1158,0.1722,positive,4
301,0.2333,positive,4
245,0.3697,positive,1
1608,0.4,positive,4
917,0.7,positive,3
503,0.3542,positive,1
4105,0.7333,positive,2
1972,0.7,positive,1
3712,0.2667,positive,1
2037,0.6036,positive,5
1506,0.55,positive,4
2673,0.655,positive,1
2784,0.655,positive,2
2853,0.655,positive,3
2887,0.91,positive,5
3683,0.55,positive,4
3871,0.55,positive,1
1404,0.55,positive,1
987,0.4667,positive,1
2781,0.2333,positive,3
991,0.0868,positive,5
111,0.3754,positive,1
1030,0.4583,positive,1
1958,0.655,positive,2
1105,0.2938,positive,1
1481,0.0764,positive,2
3223,0.6,positive,2
173,0.0958,positive,3
761,0.3167,positive,1
1431,0.4333,positive,3
513,0.4,positive,1
475,0.65,positive,5
266,0.1513,positive,3
1049,0.5667,positive,3
2101,0.57,positive,2
357,0.3333,positive,4
2313,0.55,positive,5
2748,0.33,positive,2
2467,0.5475,positive,5
2112,0.655,positive,3
641,0.7,positive,5
3362,0.4667,positive,5
1251,0.2,positive,2
1657,0.55,positive,1
3145,0.6,positive,2
376,0.5114,positive,2
1121,0.4667,positive,4
604,0.38,positive,3
3419,0.4,positive,5
957,0.1643,positive,2
933,0.275,positive,4
3084,0.59,positive,1
1719,0.3125,positive,4
1313,0.5633,positive,1
1558,0.08,positive,4
1440,0.07,positive,1
2542,-0.02,negative,2
2652,0.15,positive,2
970,0.1667,positive,5
1441,-0.3,negative,3
927,0.3938,positive,4
2078,0.3333,positive,2
2432,0.2,positive,5
3202,0.3071,positive,2
3290,0.7,positive,3
137,0.1696,positive,3
2831,0.4,positive,5
2103,0.4,positive,4
1699,0.34,positive,3
1226,0.675,positive,1
1546,0.55,positive,5
1200,0.275,positive,4
2572,0.7,positive,2
1748,0.2781,positive,1
1688,0.1167,positive,1
1933,0.7,positive,5
1669,0.35,positive,1
1326,-0.04,negative,1
132,0.056,positive,5
3721,0.4583,positive,4
2115,0.0375,positive,2
1225,0.3911,positive,5
654,0.41,positive,3
1736,-0.1722,negative,5
689,0.36,positive,2
32,0.0167,positive,5
484,0.4922,positive,5
391,0.38,positive,4
10,0.2555,positive,3
2480,0.0,neutral,3
2692,0.2,positive,3
1817,0.55,positive,5
2796,0.0,neutral,3
1661,0.0,neutral,4
925,0.1286,positive,1
3058,0.3635,positive,1
2820,0.7,positive,5
1829,0.1167,positive,5
632,0.3111,positive,2
621,0.0313,positive,1
1591,0.0,neutral,2
1242,-0.325,negative,3
2665,0.6,positive,1
375,-0.0625,negative,1
3682,-0.2,negative,1
1940,0.0,neutral,2
3525,0.0,neutral,3
909,0.57,positive,1
2549,0.25,positive,1
3549,0.0,neutral,5
3406,0.0,neutral,1
1753,0.3333,positive,5
2632,0.3333,positive,4
2742,0.3333,positive,2
2778,0.3333,positive,2
2939,0.3333,positive,1
3110,0.3333,positive,1
3354,0.3333,positive,1
3378,0.3333,positive,4
3689,0.3333,positive,3
3756,0.3333,positive,4
4080,0.3333,positive,2
4131,0.3333,positive,1
4151,0.3333,positive,3
3366,0.3333,positive,4
3465,0.6667,positive,2
2570,-0.1222,negative,4
3840,0.4167,positive,4
2235,0.3333,positive,3
1947,0.4167,positive,3
3297,0.4778,positive,2
3015,0.5667,positive,2
3621,0.4667,positive,1
1422,0.3333,positive,4
3738,0.3333,positive,5
2126,0.3333,positive,2
1671,0.4167,positive,2
2050,0.6833,positive,3
1586,0.5667,positive,4
348,0.3939,positive,1
1640,0.3333,positive,2
1574,0.4387,positive,4
2846,0.2667,positive,4
3933,0.3667,positive,1
3281,0.3333,positive,1
506,1.0,positive,5
831,1.0,positive,2
1774,1.0,positive,4
1835,1.0,positive,3
1945,1.0,positive,2
2021,1.0,positive,3
2702,1.0,positive,3
2833,1.0,positive,4
3509,1.0,positive,3
3646,1.0,positive,5
3701,1.0,positive,5
4074,1.0,positive,3
41,0.4955,positive,5
2973,0.8,positive,3
2568,1.0,positive,4
1114,1.0,positive,2
2104,1.0,positive,2
2016,0.55,positive,4
2252,0.4259,positive,1
140,0.351,positive,2
2003,0.72,positive,4
3722,1.0,positive,1
94,0.3341,positive,1
1721,0.2167,positive,4
1956,0.7,positive,1
1838,0.8,positive,1
1005,0.7333,positive,3
1449,0.64,positive,3
2719,0.0,neutral,5
2009,0.5,positive,5
4081,0.3071,positive,1
3400,0.0,neutral,5
2431,0.0,neutral,4
526,0.5,positive,3
1410,0.0,neutral,2
3800,0.25,positive,4
1871,0.6,positive,5
4012,0.7,positive,1
1615,0.0,neutral,2
2374,0.0,neutral,4
3928,0.4,positive,5
3401,0.4,positive,5
1711,-1.0,negative,3
2350,0.0,neutral,4
481,0.0143,positive,5
1292,0.1629,positive,1
3766,0.2,positive,3
1910,0.4333,positive,5
1173,0.0,neutral,4
2256,1.0,positive,2
1957,0.35,positive,2
1822,0.1,positive,4
3272,0.3667,positive,2
1009,0.75,positive,4
2439,0.2,positive,4
3706,0.75,positive,2
247,0.3107,positive,2
3990,0.75,positive,3
2958,0.0,neutral,2
3325,0.45,positive,2
385,0.15,positive,1
793,0.4286,positive,2
3726,0.0,neutral,5
1842,0.4048,positive,3
1007,0.1375,positive,1
2041,-0.175,negative,5
2653,0.0,neutral,4
493,0.5525,positive,3
969,0.0,neutral,4
1354,0.1958,positive,2
1598,0.2333,positive,2
1732,0.0,neutral,3
582,0.3,positive,4
790,0.4,positive,3
431,0.5,positive,1
1210,0.3333,positive,4
3811,0.5,positive,1
499,0.0972,positive,3
2283,0.375,positive,5
233,-0.1724,negative,2
3837,-0.5,negative,3
1103,-0.455,negative,1
729,-0.0056,negative,2
3936,0.5,positive,1
4042,0.5,positive,3
2219,0.4536,positive,1
961,0.6041,positive,2
445,-0.2679,negative,1
826,0.3524,positive,1
489,0.2667,positive,2
652,-0.0533,negative,3
3262,0.3,positive,1
2656,0.0,neutral,2
3154,-0.2,negative,1
2936,0.35,positive,2
69,0.2396,positive,5
740,0.0,neutral,4
786,-0.2686,negative,5
1767,0.4625,positive,5
534,0.65,positive,4
308,0.1786,positive,2
584,0.0,neutral,1
2435,0.0,neutral,1
1725,0.7,positive,4
794,0.0,neutral,5
741,-0.2833,negative,1
162,0.12,positive,5
1424,0.2881,positive,3
3692,0.0,neutral,2
2562,0.0,neutral,3
2302,0.0,neutral,1
3051,0.0,neutral,3
1455,-0.25,negative,4
1056,-0.05,negative,5
1277,-0.5,negative,3
1428,-0.1444,negative,3
320,-0.03,negative,3
873,-0.1429,negative,3
2607,-0.5,negative,2
1222,-0.1524,negative,3
3517,-0.2829,negative,2
174,0.5667,positive,4
3573,0.0,neutral,4
1097,0.402,positive,3
800,0.4,positive,1
180,0.0688,positive,3
265,0.2467,positive,2
2343,0.4125,positive,4
3694,0.2,positive,4
3612,0.0,neutral,3
7,0.1467,positive,5
179,0.1282,positive,1
143,0.37,positive,2
490,0.1544,positive,5
275,0.39,positive,2
540,0.175,positive,1
2681,0.0,neutral,3
142,0.4333,positive,5
650,-0.25,negative,4
3742,0.1364,positive,1
299,0.4714,positive,5
2671,0.15,positive,1
3215,0.6,positive,5
2683,0.35,positive,3
675,0.275,positive,4
159,0.2714,positive,2
971,0.5,positive,5
1168,0.5667,positive,5
864,0.35,positive,5
4068,0.2444,positive,2
542,-0.1667,negative,4
9,0.0538,positive,5
1413,-0.25,negative,5
337,0.3429,positive,1
992,0.4775,positive,2
838,0.0,neutral,5
1784,0.0,neutral,3
1975,0.7,positive,2
2615,0.0682,positive,3
658,0.6,positive,1
2294,0.4167,positive,3
201,0.2462,positive,1
407,0.8,positive,1
2625,1.0,positive,1
70,0.4196,positive,5
2456,0.8,positive,3
1636,0.39,positive,1
2528,0.39,positive,1
2540,0.39,positive,5
1346,0.4094,positive,5
859,0.3858,positive,4
807,0.375,positive,4
87,0.1979,positive,4
1508,0.3,positive,3
1511,0.39,positive,4
2801,0.3,positive,4
2946,0.3,positive,3
1137,0.45,positive,3
1794,0.395,positive,5
1846,0.39,positive,3
583,0.5348,positive,3
2747,0.33,positive,3
771,0.2,positive,1
2666,0.0,neutral,3
3491,-0.5,negative,4
3651,-0.65,negative,1
4018,-0.5,negative,1
4118,-0.5,negative,4
1196,-0.02,negative,4
21,0.0149,positive,3
1973,-0.5,negative,4
3258,-0.5,negative,2
2138,-0.5,negative,3
609,-0.1675,negative,3
2486,-0.25,negative,4
3328,-0.5,negative,1
273,-0.25,negative,4
2925,0.3005,positive,5
2858,0.3542,positive,3
1504,0.375,positive,2
669,0.4188,positive,3
3527,0.7,positive,1
3823,0.7,positive,5
2688,0.7,positive,2
3946,0.0,neutral,2
1221,0.45,positive,5
3132,0.0,neutral,4
1519,0.0,neutral,5
1771,0.0,neutral,3
1978,0.0,neutral,3
2614,0.0,neutral,1
2850,0.0,neutral,5
3183,0.0,neutral,3
3429,0.0,neutral,2
3542,0.0,neutral,4
435,0.25,positive,5
2303,0.5,positive,3
1233,0.0,neutral,5
1206,0.5071,positive,2
535,0.175,positive,3
1792,0.6,positive,3
3030,0.0,neutral,4
1632,0.6,positive,4
758,0.0,neutral,2
1042,0.2,positive,4
2368,0.0,neutral,2
81,0.7033,positive,2
1895,-0.2,negative,5
1567,0.8,positive,5
126,0.45,positive,5
3577,0.2,positive,4
3787,0.5,positive,2
2028,-0.35,negative,4
529,0.315,positive,1
2481,-0.52,negative,1
1043,0.5786,positive,4
2645,0.0,neutral,1
1492,0.5,positive,1
2926,-0.05,negative,3
3715,-0.0233,negative,1
82,0.22,positive,5
4148,-0.1,negative,2
801,0.5,positive,2
3649,0.91,positive,5
3340,0.7,positive,5
4029,1.0,positive,3
3533,-1.0,negative,2
851,0.0,neutral,2
1187,0.0,neutral,2
3117,0.0,neutral,5
3251,0.0,neutral,1
2687,-0.655,negative,1
735,0.4167,positive,4
317,0.1333,positive,4
1590,1.0,positive,4
1312,-0.35,negative,5
316,0.0207,positive,3
3550,-0.2167,negative,1
523,-0.4833,negative,5
398,0.1778,positive,5
703,0.7,positive,4
1362,0.91,positive,2
2832,0.7,positive,1
901,0.4369,positive,5
907,0.855,positive,1
1739,0.565,positive,1
1861,0.205,positive,1
874,0.3833,positive,5
3633,0.4,positive,4
1717,0.5833,positive,3
2391,-0.65,negative,5
2923,0.0,neutral,4
639,0.7,positive,1
1337,0.4333,positive,5
2058,0.3042,positive,1
2769,0.8,positive,3
3547,-0.35,negative,1
2335,0.28,positive,2
2232,0.7,positive,5
3472,0.43,positive,1
1295,-0.35,negative,3
776,0.1833,positive,4
738,0.2625,positive,4
1307,0.0,neutral,2
823,0.1,positive,5
3369,-0.2,negative,2
4073,-0.46,negative,4
3751,-0.26,negative,1
3313,0.3667,positive,5
747,0.0,neutral,3
891,0.45,positive,1
2318,0.3929,positive,3
4154,0.0,neutral,5
1086,0.25,positive,5
2015,0.2143,positive,3
2751,0.7,positive,5
1920,0.3217,positive,3
1287,0.0,neutral,2
3109,-0.7,negative,4
1050,0.1354,positive,1
1755,0.0,neutral,3
2957,0.0,neutral,3
1571,0.0,neutral,3
2445,0.4333,positive,3
344,0.4375,positive,2
2803,0.7,positive,3
770,0.0,neutral,2
2014,0.4381,positive,5
916,0.1533,positive,5
715,0.0,neutral,3
2550,0.2143,positive,3
3488,0.0,neutral,4
3772,0.0,neutral,5
2347,-0.52,negative,4
3008,0.0,neutral,1
3798,-0.2,negative,3
230,0.1887,positive,2
3373,-0.2,negative,1
1418,0.0875,positive,3
1031,0.15,positive,3
3628,0.15,positive,1
3108,-0.2,negative,3
2739,-0.2,negative,5
216,-0.0659,negative,4
1291,-0.1083,negative,1
628,-0.175,negative,5
2836,0.0667,positive,1
244,0.3857,positive,1
2875,0.5,positive,3
3672,0.55,positive,3
2634,0.2,positive,4
1738,0.2,positive,5
1740,0.0,neutral,2
4058,0.0,neutral,3
2601,0.0,neutral,2
124,0.4571,positive,3
3894,0.2,positive,2
200,-0.0714,negative,1
2896,0.0,neutral,4
785,0.1364,positive,5
297,0.5571,positive,3
4019,0.0,neutral,5
2588,0.55,positive,5
3849,0.5,positive,4
3364,0.0,neutral,1
2401,0.5,positive,2
207,0.3325,positive,2
3955,-0.255,negative,1
2266,0.0,neutral,4
3411,0.0,neutral,1
1397,0.2143,positive,1
3207,-0.1667,negative,2
272,-0.1833,negative,5
3678,-1.0,negative,3
67,0.1867,positive,4
2282,0.4333,positive,2
4091,0.575,positive,3
2669,1.0,positive,1
4024,1.0,positive,5
1781,0.6,positive,4
2512,0.625,positive,4
3239,1.0,positive,4
717,0.555,positive,3
1415,1.0,positive,5
2034,1.0,positive,1
2241,1.0,positive,5
2600,1.0,positive,2
881,0.5143,positive,2
2449,0.89,positive,1
1641,0.57,positive,3
1834,0.49,positive,5
3375,0.5286,positive,1
1488,0.6125,positive,1
2005,-0.7,negative,4
383,0.0375,positive,1
876,0.0,neutral,2
1207,0.0,neutral,3
18,0.1183,positive,1
1315,-0.0625,negative,4
8,0.1281,positive,2
4010,0.25,positive,4
1930,-0.1333,negative,4
1752,-0.0705,negative,4
871,-0.1,negative,4
1963,-0.1,negative,1
2325,0.4167,positive,5
685,0.3033,positive,4
1289,0.0056,positive,5
1553,0.4167,positive,4
326,0.0,neutral,1
815,0.175,positive,2
1350,0.325,positive,5
1367,0.25,positive,3
988,0.75,positive,2
55,0.25,positive,3
163,0.396,positive,4
3590,0.0,neutral,1
2934,0.6,positive,4
2140,1.0,positive,3
2756,0.3722,positive,2
1884,0.6071,positive,1
3993,1.0,positive,4
930,1.0,positive,4
1992,0.0,neutral,2
3107,0.955,positive,1
34,0.8,positive,5
974,0.5,positive,4
3543,0.3333,positive,3
3229,0.2,positive,1
1985,0.342,positive,2
736,0.0,neutral,5
2863,0.0,neutral,2
1149,0.0,neutral,3
1731,1.0,positive,5
3930,-0.4,negative,5
1229,-1.0,negative,5
1563,-0.25,negative,3
134,-0.55,negative,1
5,-0.295,negative,2
1214,-0.2667,negative,2
2581,-1.0,negative,3
3296,-1.0,negative,5
635,-0.2917,negative,3
3907,-1.0,negative,3
710,-0.0625,negative,3
3390,-1.0,negative,3
471,-0.25,negative,1
664,-1.0,negative,2
4125,-1.0,negative,4
4147,-0.2833,negative,2
1033,-0.6583,negative,4
1543,-1.0,negative,1
2976,-0.3333,negative,2
1472,-0.23,negative,3
1786,-0.7,negative,4
2453,-1.0,negative,1
2331,0.0,neutral,1
3869,0.2143,positive,2
3461,0.3,positive,3
2326,0.475,positive,5
2161,0.3,positive,5
2658,0.3,positive,5
2597,0.3,positive,5
1905,0.5667,positive,3
3719,0.3,positive,1
2085,0.3,positive,5
762,0.4333,positive,3
1914,0.3,positive,1
1692,0.3,positive,5
1939,0.3,positive,2
2700,0.3,positive,3
3796,0.3,positive,4
2063,0.1181,positive,3
181,0.41,positive,5
1155,0.49,positive,3
3240,0.3,positive,5
2477,0.3,positive,1
3123,0.3,positive,2
2646,0.5,positive,3
3052,0.3333,positive,3
1055,0.25,positive,4
1968,0.37,positive,5
109,0.0449,positive,1
913,0.3444,positive,1
1510,0.0,neutral,5
1094,0.1,positive,5
3864,0.1,positive,2
3911,0.1,positive,4
2791,0.35,positive,3
3635,0.5,positive,4
339,0.4127,positive,3
739,0.1688,positive,5
1209,0.56,positive,3
799,0.1867,positive,5
51,0.1,positive,5
900,0.3333,positive,3
1215,0.4238,positive,2
2385,0.5,positive,5
153,0.2015,positive,1
4015,0.2125,positive,2
3309,0.0,neutral,4
2812,0.5,positive,1
3214,0.0,neutral,2
3359,0.0,neutral,1
307,-0.525,negative,2
811,0.3381,positive,5
3510,0.5,positive,2
852,0.4571,positive,1
2163,0.0,neutral,2
2488,0.0,neutral,2
651,0.0,neutral,5
868,-0.3125,negative,3
